input_ids,token_type_ids,attention_mask,pixel_values,pixel_mask
"tensor([[ 101, 2049, 2037, 2839, 2025, 2037, 3609, 2008, 5609,  102]],
       device='cuda:0')","tensor([[0, 0, 0, 0, 0, 0, 0, 0, 0, 0]], device='cuda:0')","tensor([[1, 1, 1, 1, 1, 1, 1, 1, 1, 1]], device='cuda:0')","tensor([[[[-1., -1., -1.,  ..., -1., -1., -1.],
          [-1., -1., -1.,  ..., -1., -1., -1.],
          [-1., -1., -1.,  ..., -1., -1., -1.],
          ...,
          [-1., -1., -1.,  ..., -1., -1., -1.],
          [-1., -1., -1.,  ..., -1., -1., -1.],
          [-1., -1., -1.,  ..., -1., -1., -1.]],

         [[-1., -1., -1.,  ..., -1., -1., -1.],
          [-1., -1., -1.,  ..., -1., -1., -1.],
          [-1., -1., -1.,  ..., -1., -1., -1.],
          ...,
          [-1., -1., -1.,  ..., -1., -1., -1.],
          [-1., -1., -1.,  ..., -1., -1., -1.],
          [-1., -1., -1.,  ..., -1., -1., -1.]],

         [[-1., -1., -1.,  ..., -1., -1., -1.],
          [-1., -1., -1.,  ..., -1., -1., -1.],
          [-1., -1., -1.,  ..., -1., -1., -1.],
          ...,
          [-1., -1., -1.,  ..., -1., -1., -1.],
          [-1., -1., -1.,  ..., -1., -1., -1.],
          [-1., -1., -1.,  ..., -1., -1., -1.]]]], device='cuda:0')","tensor([[[1, 1, 1,  ..., 1, 1, 1],
         [1, 1, 1,  ..., 1, 1, 1],
         [1, 1, 1,  ..., 1, 1, 1],
         ...,
         [1, 1, 1,  ..., 1, 1, 1],
         [1, 1, 1,  ..., 1, 1, 1],
         [1, 1, 1,  ..., 1, 1, 1]]], device='cuda:0')"
"tensor([[ 101, 2123, 1005, 1056, 2022, 4452, 2000, 2293, 2153, 3071, 2003, 2025,
         2066, 2115, 4654,  102]], device='cuda:0')","tensor([[0, 0, 0, 0, 0, 0, 0, 0, 0, 0, 0, 0, 0, 0, 0, 0]], device='cuda:0')","tensor([[1, 1, 1, 1, 1, 1, 1, 1, 1, 1, 1, 1, 1, 1, 1, 1]], device='cuda:0')","tensor([[[[-0.6549, -0.0902, -0.1216,  ..., -0.1765, -0.1451, -0.6784],
          [-0.2235,  1.0000,  0.9843,  ...,  0.8510,  0.9137, -0.2706],
          [-0.2471,  0.9922,  0.9294,  ...,  0.8039,  0.8588, -0.2941],
          ...,
          [-0.4902,  0.3569,  0.3176,  ...,  0.5765,  0.6235, -0.3804],
          [-0.4902,  0.3725,  0.3333,  ...,  0.6078,  0.6549, -0.3647],
          [-0.7020, -0.2078, -0.2235,  ..., -0.0667, -0.0353, -0.6314]],

         [[-0.6549, -0.0824, -0.1137,  ..., -0.1686, -0.1373, -0.6706],
          [-0.2235,  1.0000,  1.0000,  ...,  0.8902,  0.9451, -0.2627],
          [-0.2471,  1.0000,  0.9451,  ...,  0.8353,  0.8902, -0.2863],
          ...,
          [-0.4353,  0.5059,  0.4667,  ...,  0.6627,  0.7176, -0.3569],
          [-0.4275,  0.5294,  0.4824,  ...,  0.6941,  0.7569, -0.3412],
          [-0.6627, -0.1059, -0.1373,  ..., -0.0196,  0.0118, -0.6235]],

         [[-0.6627, -0.0980, -0.1216,  ..., -0.1451, -0.1294, -0.6706],
          [-0.2314,  1.0000,  0.9765,  ...,  0.9137,  0.9686, -0.2549],
          [-0.2549,  0.9843,  0.9216,  ...,  0.8588,  0.9137, -0.2784],
          ...,
          [-0.4118,  0.5686,  0.5216,  ...,  0.6941,  0.7490, -0.3412],
          [-0.4039,  0.5922,  0.5451,  ...,  0.7333,  0.7882, -0.3255],
          [-0.6549, -0.0745, -0.1059,  ...,  0.0039,  0.0353, -0.6078]]]],
       device='cuda:0')","tensor([[[1, 1, 1,  ..., 1, 1, 1],
         [1, 1, 1,  ..., 1, 1, 1],
         [1, 1, 1,  ..., 1, 1, 1],
         ...,
         [1, 1, 1,  ..., 1, 1, 1],
         [1, 1, 1,  ..., 1, 1, 1],
         [1, 1, 1,  ..., 1, 1, 1]]], device='cuda:0')"
"tensor([[  101,  5128, 21207,  2006,  2115,  9004,   102]], device='cuda:0')","tensor([[0, 0, 0, 0, 0, 0, 0]], device='cuda:0')","tensor([[1, 1, 1, 1, 1, 1, 1]], device='cuda:0')","tensor([[[[-0.2941, -0.0275, -0.0353,  ...,  0.0118,  0.0039, -0.0039],
          [ 0.1059,  0.5137,  0.5059,  ...,  0.5765,  0.5686,  0.5529],
          [ 0.0824,  0.4824,  0.4667,  ...,  0.5608,  0.5529,  0.5373],
          ...,
          [ 0.4902,  1.0000,  1.0000,  ...,  1.0000,  1.0000,  1.0000],
          [ 0.5216,  1.0000,  1.0000,  ...,  1.0000,  1.0000,  1.0000],
          [-0.0196,  0.3255,  0.3176,  ...,  0.3176,  0.3176,  0.3176]],

         [[-0.3020, -0.0510, -0.0667,  ..., -0.0353, -0.0431, -0.0510],
          [ 0.0824,  0.4824,  0.4667,  ...,  0.5137,  0.4980,  0.4824],
          [ 0.0667,  0.4588,  0.4353,  ...,  0.4980,  0.4824,  0.4667],
          ...,
          [ 0.4902,  1.0000,  1.0000,  ...,  1.0000,  1.0000,  1.0000],
          [ 0.5216,  1.0000,  1.0000,  ...,  1.0000,  1.0000,  1.0000],
          [-0.0196,  0.3255,  0.3176,  ...,  0.3176,  0.3176,  0.3176]],

         [[-0.3098, -0.0667, -0.0824,  ...,  0.0588,  0.0510,  0.0510],
          [ 0.0745,  0.4588,  0.4353,  ...,  0.6627,  0.6471,  0.6471],
          [ 0.0588,  0.4353,  0.4118,  ...,  0.6392,  0.6314,  0.6235],
          ...,
          [ 0.4902,  1.0000,  1.0000,  ...,  1.0000,  1.0000,  1.0000],
          [ 0.5216,  1.0000,  1.0000,  ...,  1.0000,  1.0000,  1.0000],
          [-0.0196,  0.3255,  0.3176,  ...,  0.3176,  0.3176,  0.3176]]]],
       device='cuda:0')","tensor([[[1, 1, 1,  ..., 1, 1, 1],
         [1, 1, 1,  ..., 1, 1, 1],
         [1, 1, 1,  ..., 1, 1, 1],
         ...,
         [1, 1, 1,  ..., 1, 1, 1],
         [1, 1, 1,  ..., 1, 1, 1],
         [1, 1, 1,  ..., 1, 1, 1]]], device='cuda:0')"
"tensor([[  101,  1045,  2293,  2673,  1998,  7955,   999,  3272,  2005, 29384,
          1045,  5223, 29384,   102]], device='cuda:0')","tensor([[0, 0, 0, 0, 0, 0, 0, 0, 0, 0, 0, 0, 0, 0]], device='cuda:0')","tensor([[1, 1, 1, 1, 1, 1, 1, 1, 1, 1, 1, 1, 1, 1]], device='cuda:0')","tensor([[[[-0.5137, -0.0745, -0.0824,  ..., -0.0824, -0.0667, -0.4667],
          [ 0.0667,  1.0000,  1.0000,  ...,  1.0000,  1.0000,  0.1608],
          [ 0.0588,  1.0000,  1.0000,  ...,  1.0000,  1.0000,  0.1529],
          ...,
          [-0.8980, -0.7961, -0.7961,  ..., -0.7725, -0.7647, -0.8824],
          [-0.8980, -0.8039, -0.7961,  ..., -0.6392, -0.6392, -0.7961],
          [-0.9608, -0.9137, -0.9059,  ..., -0.7882, -0.7961, -0.8824]],

         [[-0.5137, -0.0745, -0.0824,  ..., -0.0824, -0.0667, -0.4667],
          [ 0.0667,  1.0000,  1.0000,  ...,  1.0000,  1.0000,  0.1608],
          [ 0.0588,  1.0000,  1.0000,  ...,  1.0000,  1.0000,  0.1529],
          ...,
          [-0.9059, -0.8118, -0.8039,  ..., -0.7333, -0.7412, -0.8510],
          [-0.9059, -0.8039, -0.8039,  ..., -0.5686, -0.5765, -0.7647],
          [-0.9608, -0.9137, -0.9059,  ..., -0.7569, -0.7569, -0.8667]],

         [[-0.5137, -0.0745, -0.0824,  ..., -0.0824, -0.0667, -0.4667],
          [ 0.0667,  1.0000,  1.0000,  ...,  1.0000,  1.0000,  0.1608],
          [ 0.0588,  1.0000,  1.0000,  ...,  1.0000,  1.0000,  0.1529],
          ...,
          [-0.8980, -0.7961, -0.7961,  ..., -0.6784, -0.7176, -0.8510],
          [-0.8980, -0.7804, -0.7804,  ..., -0.5373, -0.5451, -0.7412],
          [-0.9529, -0.8902, -0.8980,  ..., -0.7333, -0.7333, -0.8431]]]],
       device='cuda:0')","tensor([[[1, 1, 1,  ..., 1, 1, 1],
         [1, 1, 1,  ..., 1, 1, 1],
         [1, 1, 1,  ..., 1, 1, 1],
         ...,
         [1, 1, 1,  ..., 1, 1, 1],
         [1, 1, 1,  ..., 1, 1, 1],
         [1, 1, 1,  ..., 1, 1, 1]]], device='cuda:0')"
"tensor([[  101,  7955,  7459,  7967,  9090, 16324,  1010,  2130,  8042,   102]],
       device='cuda:0')","tensor([[0, 0, 0, 0, 0, 0, 0, 0, 0, 0]], device='cuda:0')","tensor([[1, 1, 1, 1, 1, 1, 1, 1, 1, 1]], device='cuda:0')","tensor([[[[-0.9529, -0.5451, -0.5137,  ..., -0.5294, -0.5529, -0.9529],
          [-0.8118,  0.8980,  1.0000,  ...,  0.9451,  0.8510, -0.8118],
          [-0.8118,  0.8745,  1.0000,  ...,  0.8980,  0.7961, -0.8118],
          ...,
          [-0.8118,  0.8588,  1.0000,  ..., -0.5216, -0.6000, -0.9608],
          [-0.8118,  0.8667,  1.0000,  ..., -0.5216, -0.5451, -0.9529],
          [-0.8196,  0.7804,  0.9137,  ..., -0.5137, -0.4980, -0.9451]],

         [[-0.9529, -0.5451, -0.5137,  ..., -0.5294, -0.5529, -0.9529],
          [-0.8118,  0.8980,  1.0000,  ...,  0.9451,  0.8510, -0.8118],
          [-0.8118,  0.8745,  1.0000,  ...,  0.8980,  0.7961, -0.8118],
          ...,
          [-0.8118,  0.8588,  1.0000,  ..., -0.5216, -0.6000, -0.9608],
          [-0.8118,  0.8667,  1.0000,  ..., -0.5216, -0.5451, -0.9529],
          [-0.8196,  0.7804,  0.9137,  ..., -0.5137, -0.4980, -0.9451]],

         [[-0.9529, -0.5451, -0.5137,  ..., -0.5294, -0.5529, -0.9529],
          [-0.8118,  0.8980,  1.0000,  ...,  0.9451,  0.8510, -0.8118],
          [-0.8118,  0.8745,  1.0000,  ...,  0.8980,  0.7961, -0.8118],
          ...,
          [-0.8118,  0.8588,  1.0000,  ..., -0.5216, -0.6000, -0.9608],
          [-0.8118,  0.8667,  1.0000,  ..., -0.5216, -0.5451, -0.9529],
          [-0.8196,  0.7804,  0.9137,  ..., -0.5137, -0.4980, -0.9451]]]],
       device='cuda:0')","tensor([[[1, 1, 1,  ..., 1, 1, 1],
         [1, 1, 1,  ..., 1, 1, 1],
         [1, 1, 1,  ..., 1, 1, 1],
         ...,
         [1, 1, 1,  ..., 1, 1, 1],
         [1, 1, 1,  ..., 1, 1, 1],
         [1, 1, 1,  ..., 1, 1, 1]]], device='cuda:0')"
"tensor([[ 101, 2175, 2998,  999, 2079, 1996, 2518,  999, 2663, 1996, 2685,  999,
          102]], device='cuda:0')","tensor([[0, 0, 0, 0, 0, 0, 0, 0, 0, 0, 0, 0, 0]], device='cuda:0')","tensor([[1, 1, 1, 1, 1, 1, 1, 1, 1, 1, 1, 1, 1]], device='cuda:0')","tensor([[[[-1., -1., -1.,  ..., -1., -1., -1.],
          [-1., -1., -1.,  ..., -1., -1., -1.],
          [-1., -1., -1.,  ..., -1., -1., -1.],
          ...,
          [-1., -1., -1.,  ..., -1., -1., -1.],
          [-1., -1., -1.,  ..., -1., -1., -1.],
          [-1., -1., -1.,  ..., -1., -1., -1.]],

         [[-1., -1., -1.,  ..., -1., -1., -1.],
          [-1., -1., -1.,  ..., -1., -1., -1.],
          [-1., -1., -1.,  ..., -1., -1., -1.],
          ...,
          [-1., -1., -1.,  ..., -1., -1., -1.],
          [-1., -1., -1.,  ..., -1., -1., -1.],
          [-1., -1., -1.,  ..., -1., -1., -1.]],

         [[-1., -1., -1.,  ..., -1., -1., -1.],
          [-1., -1., -1.,  ..., -1., -1., -1.],
          [-1., -1., -1.,  ..., -1., -1., -1.],
          ...,
          [-1., -1., -1.,  ..., -1., -1., -1.],
          [-1., -1., -1.,  ..., -1., -1., -1.],
          [-1., -1., -1.,  ..., -1., -1., -1.]]]], device='cuda:0')","tensor([[[1, 1, 1,  ..., 1, 1, 1],
         [1, 1, 1,  ..., 1, 1, 1],
         [1, 1, 1,  ..., 1, 1, 1],
         ...,
         [1, 1, 1,  ..., 1, 1, 1],
         [1, 1, 1,  ..., 1, 1, 1],
         [1, 1, 1,  ..., 1, 1, 1]]], device='cuda:0')"
"tensor([[ 101, 2986, 2017, 1005, 2128, 2157, 1012, 2085, 2064, 2057, 8239, 4530,
         2009, 1029,  102]], device='cuda:0')","tensor([[0, 0, 0, 0, 0, 0, 0, 0, 0, 0, 0, 0, 0, 0, 0]], device='cuda:0')","tensor([[1, 1, 1, 1, 1, 1, 1, 1, 1, 1, 1, 1, 1, 1, 1]], device='cuda:0')","tensor([[[[-0.7412, -0.3176, -0.3412,  ..., -0.3255, -0.3098, -0.7333],
          [-0.4118,  0.5529,  0.5059,  ...,  0.5294,  0.5529, -0.4118],
          [-0.4196,  0.5373,  0.4824,  ...,  0.4902,  0.5137, -0.4275],
          ...,
          [-0.4275,  0.4118,  0.1843,  ...,  0.2941,  0.3098, -0.5059],
          [-0.4353,  0.4275,  0.2627,  ...,  0.2941,  0.3255, -0.5059],
          [-0.7020, -0.2235, -0.2549,  ..., -0.2627, -0.2471, -0.7176]],

         [[-0.7961, -0.4667, -0.4824,  ..., -0.4745, -0.4588, -0.7961],
          [-0.5451,  0.2078,  0.1686,  ...,  0.1922,  0.2157, -0.5373],
          [-0.5608,  0.1843,  0.1451,  ...,  0.1608,  0.1843, -0.5529],
          ...,
          [-0.5608,  0.0510, -0.1608,  ..., -0.0039,  0.0196, -0.6078],
          [-0.5608,  0.0980, -0.0588,  ..., -0.0196,  0.0039, -0.6157],
          [-0.7725, -0.4039, -0.4353,  ..., -0.4510, -0.4431, -0.7882]],

         [[-0.8510, -0.6157, -0.6235,  ..., -0.6000, -0.5922, -0.8431],
          [-0.6627, -0.1137, -0.1451,  ..., -0.0980, -0.0902, -0.6549],
          [-0.6706, -0.1294, -0.1529,  ..., -0.1294, -0.1216, -0.6706],
          ...,
          [-0.6706, -0.2157, -0.3882,  ..., -0.2941, -0.2627, -0.7176],
          [-0.6863, -0.2078, -0.3255,  ..., -0.2706, -0.2549, -0.7176],
          [-0.8431, -0.5843, -0.6078,  ..., -0.5922, -0.5843, -0.8431]]]],
       device='cuda:0')","tensor([[[1, 1, 1,  ..., 1, 1, 1],
         [1, 1, 1,  ..., 1, 1, 1],
         [1, 1, 1,  ..., 1, 1, 1],
         ...,
         [1, 1, 1,  ..., 1, 1, 1],
         [1, 1, 1,  ..., 1, 1, 1],
         [1, 1, 1,  ..., 1, 1, 1]]], device='cuda:0')"
"tensor([[  101, 18395,  2024,  2919,  2005,  2115,  2740,  1045,  2113,  1019,
          2454,  2111,  2008,  2018, 18395,  1998,  2027,  2035,  2351,   102]],
       device='cuda:0')","tensor([[0, 0, 0, 0, 0, 0, 0, 0, 0, 0, 0, 0, 0, 0, 0, 0, 0, 0, 0, 0]],
       device='cuda:0')","tensor([[1, 1, 1, 1, 1, 1, 1, 1, 1, 1, 1, 1, 1, 1, 1, 1, 1, 1, 1, 1]],
       device='cuda:0')","tensor([[[[-0.0118,  0.3333,  0.3176,  ...,  0.2863,  0.3020, -0.0275],
          [ 0.2784,  0.7255,  0.7098,  ...,  0.6706,  0.6941,  0.2627],
          [ 0.2784,  0.7176,  0.6863,  ...,  0.6549,  0.6706,  0.2471],
          ...,
          [ 0.2471,  0.6863,  0.6549,  ...,  0.6157,  0.6314,  0.2157],
          [ 0.2549,  0.6863,  0.6549,  ...,  0.6000,  0.6235,  0.2078],
          [ 0.2471,  0.6863,  0.6471,  ...,  0.6000,  0.6235,  0.2078]],

         [[ 0.0510,  0.4196,  0.3961,  ...,  0.3647,  0.3804,  0.0275],
          [ 0.3647,  0.8431,  0.8039,  ...,  0.7725,  0.7961,  0.3412],
          [ 0.3490,  0.8196,  0.7882,  ...,  0.7490,  0.7725,  0.3176],
          ...,
          [ 0.3176,  0.7725,  0.7490,  ...,  0.6941,  0.7176,  0.2784],
          [ 0.3098,  0.7647,  0.7412,  ...,  0.6941,  0.7176,  0.2784],
          [ 0.3098,  0.7647,  0.7412,  ...,  0.6863,  0.7176,  0.2784]],

         [[ 0.0588,  0.4275,  0.4039,  ...,  0.3647,  0.3882,  0.0353],
          [ 0.3725,  0.8431,  0.8118,  ...,  0.7725,  0.7961,  0.3412],
          [ 0.3490,  0.8196,  0.7882,  ...,  0.7490,  0.7725,  0.3176],
          ...,
          [ 0.3255,  0.7804,  0.7490,  ...,  0.6863,  0.7020,  0.2863],
          [ 0.3176,  0.7725,  0.7490,  ...,  0.6863,  0.7020,  0.2706],
          [ 0.3176,  0.7725,  0.7412,  ...,  0.6863,  0.7098,  0.2706]]]],
       device='cuda:0')","tensor([[[1, 1, 1,  ..., 1, 1, 1],
         [1, 1, 1,  ..., 1, 1, 1],
         [1, 1, 1,  ..., 1, 1, 1],
         ...,
         [1, 1, 1,  ..., 1, 1, 1],
         [1, 1, 1,  ..., 1, 1, 1],
         [1, 1, 1,  ..., 1, 1, 1]]], device='cuda:0')"
"tensor([[  101,  2129,  2146,  2064,  1045,  2448,  1029,  6229,  1996,  4677,
         21245,  2015,   102]], device='cuda:0')","tensor([[0, 0, 0, 0, 0, 0, 0, 0, 0, 0, 0, 0, 0]], device='cuda:0')","tensor([[1, 1, 1, 1, 1, 1, 1, 1, 1, 1, 1, 1, 1]], device='cuda:0')","tensor([[[[-1.0000, -0.8667, -0.8431,  ..., -0.8980, -0.9216, -1.0000],
          [-1.0000, -0.5529, -0.4667,  ..., -0.6627, -0.7176, -1.0000],
          [-1.0000, -0.5373, -0.4510,  ..., -0.6471, -0.7020, -1.0000],
          ...,
          [-1.0000, -0.5451, -0.4588,  ..., -0.5608, -0.6235, -1.0000],
          [-1.0000, -0.5451, -0.4588,  ..., -0.5765, -0.6392, -1.0000],
          [-1.0000, -0.7333, -0.6863,  ..., -0.7490, -0.7961, -1.0000]],

         [[-1.0000, -0.8667, -0.8431,  ..., -0.8980, -0.9216, -1.0000],
          [-1.0000, -0.5451, -0.4510,  ..., -0.6627, -0.7176, -1.0000],
          [-1.0000, -0.5294, -0.4353,  ..., -0.6471, -0.7020, -1.0000],
          ...,
          [-1.0000, -0.5451, -0.4588,  ..., -0.5529, -0.6157, -1.0000],
          [-1.0000, -0.5529, -0.4588,  ..., -0.5686, -0.6392, -1.0000],
          [-1.0000, -0.7412, -0.6863,  ..., -0.7490, -0.7961, -1.0000]],

         [[-1.0000, -0.8588, -0.8431,  ..., -0.8980, -0.9216, -1.0000],
          [-1.0000, -0.5294, -0.4353,  ..., -0.6627, -0.7176, -1.0000],
          [-1.0000, -0.5216, -0.4196,  ..., -0.6471, -0.7020, -1.0000],
          ...,
          [-1.0000, -0.5216, -0.4431,  ..., -0.5451, -0.6078, -1.0000],
          [-1.0000, -0.5216, -0.4353,  ..., -0.5608, -0.6314, -1.0000],
          [-1.0000, -0.7176, -0.6627,  ..., -0.7490, -0.7882, -1.0000]]]],
       device='cuda:0')","tensor([[[1, 1, 1,  ..., 1, 1, 1],
         [1, 1, 1,  ..., 1, 1, 1],
         [1, 1, 1,  ..., 1, 1, 1],
         ...,
         [1, 1, 1,  ..., 1, 1, 1],
         [1, 1, 1,  ..., 1, 1, 1],
         [1, 1, 1,  ..., 1, 1, 1]]], device='cuda:0')"
"tensor([[  101, 16522,  5506,  1029,  2131, 11865, 17875,  6313,   999,   102]],
       device='cuda:0')","tensor([[0, 0, 0, 0, 0, 0, 0, 0, 0, 0]], device='cuda:0')","tensor([[1, 1, 1, 1, 1, 1, 1, 1, 1, 1]], device='cuda:0')","tensor([[[[-0.9765, -0.9686, -0.9529,  ..., -0.8902, -0.8902, -0.8902],
          [-0.9373, -0.8824, -0.8431,  ..., -0.6471, -0.6392, -0.6392],
          [-0.9059, -0.8275, -0.7725,  ..., -0.4667, -0.4510, -0.4588],
          ...,
          [-0.5373, -0.2863, -0.0588,  ..., -0.8510, -0.8667, -0.8902],
          [-0.5843, -0.3098, -0.0824,  ..., -0.8510, -0.8588, -0.8824],
          [-0.6157, -0.3333, -0.1059,  ..., -0.8667, -0.8667, -0.8745]],

         [[-0.9765, -0.9686, -0.9529,  ..., -0.8902, -0.8902, -0.8902],
          [-0.9373, -0.8824, -0.8431,  ..., -0.6471, -0.6392, -0.6392],
          [-0.9059, -0.8275, -0.7725,  ..., -0.4667, -0.4510, -0.4588],
          ...,
          [-0.5373, -0.2863, -0.0588,  ..., -0.8510, -0.8667, -0.8902],
          [-0.5843, -0.3098, -0.0824,  ..., -0.8510, -0.8588, -0.8824],
          [-0.6157, -0.3333, -0.1059,  ..., -0.8667, -0.8667, -0.8745]],

         [[-0.9765, -0.9686, -0.9529,  ..., -0.8902, -0.8902, -0.8902],
          [-0.9373, -0.8824, -0.8431,  ..., -0.6471, -0.6392, -0.6392],
          [-0.9059, -0.8275, -0.7725,  ..., -0.4667, -0.4510, -0.4588],
          ...,
          [-0.5373, -0.2863, -0.0588,  ..., -0.8510, -0.8667, -0.8902],
          [-0.5843, -0.3098, -0.0824,  ..., -0.8510, -0.8588, -0.8824],
          [-0.6157, -0.3333, -0.1059,  ..., -0.8667, -0.8667, -0.8745]]]],
       device='cuda:0')","tensor([[[1, 1, 1,  ..., 1, 1, 1],
         [1, 1, 1,  ..., 1, 1, 1],
         [1, 1, 1,  ..., 1, 1, 1],
         ...,
         [1, 1, 1,  ..., 1, 1, 1],
         [1, 1, 1,  ..., 1, 1, 1],
         [1, 1, 1,  ..., 1, 1, 1]]], device='cuda:0')"
"tensor([[  101, 20362,  3907,  2007, 12141,  1010,  6343, 12236,  2019,  3239,
           102]], device='cuda:0')","tensor([[0, 0, 0, 0, 0, 0, 0, 0, 0, 0, 0]], device='cuda:0')","tensor([[1, 1, 1, 1, 1, 1, 1, 1, 1, 1, 1]], device='cuda:0')","tensor([[[[ 0.0980,  0.4510,  0.4353,  ...,  0.4196,  0.4353,  0.0980],
          [ 0.4196,  0.8745,  0.8431,  ...,  0.8275,  0.8510,  0.4118],
          [ 0.4039,  0.8588,  0.8275,  ...,  0.8039,  0.8275,  0.3961],
          ...,
          [ 0.3804,  0.8196,  0.8039,  ...,  0.9059,  0.9373,  0.4745],
          [ 0.3569,  0.7804,  0.7647,  ...,  0.9059,  0.9373,  0.4745],
          [ 0.2941,  0.7176,  0.7098,  ...,  0.8902,  0.9216,  0.4588]],

         [[ 0.0275,  0.3569,  0.3412,  ...,  0.3647,  0.3882,  0.0588],
          [ 0.3333,  0.7490,  0.7333,  ...,  0.7647,  0.7882,  0.3647],
          [ 0.3176,  0.7333,  0.7098,  ...,  0.7412,  0.7647,  0.3490],
          ...,
          [ 0.3333,  0.7647,  0.7490,  ...,  0.9137,  0.9451,  0.4824],
          [ 0.2941,  0.7176,  0.7020,  ...,  0.9059,  0.9373,  0.4824],
          [ 0.2392,  0.6471,  0.6392,  ...,  0.8902,  0.9216,  0.4588]],

         [[-1.0000, -1.0000, -1.0000,  ..., -1.0000, -1.0000, -1.0000],
          [-1.0000, -1.0000, -1.0000,  ..., -0.9922, -1.0000, -1.0000],
          [-1.0000, -1.0000, -1.0000,  ..., -1.0000, -1.0000, -1.0000],
          ...,
          [-1.0000, -1.0000, -1.0000,  ..., -0.4902, -0.4745, -0.6000],
          [-1.0000, -1.0000, -1.0000,  ..., -0.4980, -0.4745, -0.6000],
          [-1.0000, -1.0000, -1.0000,  ..., -0.5059, -0.4902, -0.6157]]]],
       device='cuda:0')","tensor([[[1, 1, 1,  ..., 1, 1, 1],
         [1, 1, 1,  ..., 1, 1, 1],
         [1, 1, 1,  ..., 1, 1, 1],
         ...,
         [1, 1, 1,  ..., 1, 1, 1],
         [1, 1, 1,  ..., 1, 1, 1],
         [1, 1, 1,  ..., 1, 1, 1]]], device='cuda:0')"
"tensor([[  101,  2567,  1012,  1012,  1012,  1037,  2154,  2302,  1037,  8479,
          2003,  1037,  2154, 13842,   102]], device='cuda:0')","tensor([[0, 0, 0, 0, 0, 0, 0, 0, 0, 0, 0, 0, 0, 0, 0]], device='cuda:0')","tensor([[1, 1, 1, 1, 1, 1, 1, 1, 1, 1, 1, 1, 1, 1, 1]], device='cuda:0')","tensor([[[[-0.7961, -0.7020, -0.7020,  ...,  0.2627,  0.2706, -0.0980],
          [-0.7333, -0.6235, -0.6235,  ...,  0.6549,  0.6549,  0.1765],
          [-0.7333, -0.6235, -0.6392,  ...,  0.6078,  0.6078,  0.1451],
          ...,
          [-0.0431,  0.3569,  0.3255,  ..., -0.6784, -0.8039, -0.9294],
          [-0.0196,  0.3804,  0.3490,  ..., -0.6784, -0.7804, -0.9137],
          [-0.0431,  0.3412,  0.3020,  ..., -0.6706, -0.7569, -0.8824]],

         [[-0.7412, -0.6314, -0.6392,  ...,  0.2157,  0.2314, -0.1216],
          [-0.6549, -0.5059, -0.5137,  ...,  0.6078,  0.6314,  0.1608],
          [-0.6471, -0.5059, -0.5216,  ...,  0.5922,  0.6157,  0.1529],
          ...,
          [-0.0824,  0.2941,  0.2706,  ..., -0.6863, -0.8275, -0.9373],
          [-0.0824,  0.3020,  0.2784,  ..., -0.6863, -0.8039, -0.9294],
          [-0.1059,  0.2627,  0.2471,  ..., -0.6784, -0.7961, -0.9216]],

         [[-0.7725, -0.6627, -0.6549,  ...,  0.0980,  0.0980, -0.2157],
          [-0.6863, -0.5529, -0.5608,  ...,  0.4510,  0.4588,  0.0353],
          [-0.6863, -0.5529, -0.5765,  ...,  0.4275,  0.4431,  0.0275],
          ...,
          [-0.1686,  0.1686,  0.1451,  ..., -0.7255, -0.8588, -0.9451],
          [-0.1608,  0.1843,  0.1608,  ..., -0.7176, -0.8431, -0.9451],
          [-0.1843,  0.1529,  0.1294,  ..., -0.7176, -0.8353, -0.9373]]]],
       device='cuda:0')","tensor([[[1, 1, 1,  ..., 1, 1, 1],
         [1, 1, 1,  ..., 1, 1, 1],
         [1, 1, 1,  ..., 1, 1, 1],
         ...,
         [1, 1, 1,  ..., 1, 1, 1],
         [1, 1, 1,  ..., 1, 1, 1],
         [1, 1, 1,  ..., 1, 1, 1]]], device='cuda:0')"
"tensor([[  101,  2043,  2017,  1005,  2128,  1996,  2069,  3899,  2187,  2012,
          1996,  3899,  7713,  1998,  1996,  2304,  2155,  4122,  2000, 11092,
          2017,   102]], device='cuda:0')","tensor([[0, 0, 0, 0, 0, 0, 0, 0, 0, 0, 0, 0, 0, 0, 0, 0, 0, 0, 0, 0, 0, 0]],
       device='cuda:0')","tensor([[1, 1, 1, 1, 1, 1, 1, 1, 1, 1, 1, 1, 1, 1, 1, 1, 1, 1, 1, 1, 1, 1]],
       device='cuda:0')","tensor([[[[-1.0000, -0.8118, -0.7569,  ..., -0.5686, -0.6157, -1.0000],
          [-1.0000, -0.3725, -0.1843,  ...,  0.4745,  0.2784, -1.0000],
          [-1.0000, -0.3490, -0.1608,  ...,  0.5294,  0.3176, -1.0000],
          ...,
          [-1.0000, -0.2941, -0.1765,  ...,  0.4824,  0.2314, -1.0000],
          [-1.0000, -0.3255, -0.1922,  ...,  0.4353,  0.1922, -1.0000],
          [-1.0000, -0.6078, -0.5137,  ..., -0.1922, -0.3176, -1.0000]],

         [[-1.0000, -0.8275, -0.7804,  ..., -0.5765, -0.6235, -1.0000],
          [-1.0000, -0.4118, -0.2471,  ...,  0.4353,  0.2549, -1.0000],
          [-1.0000, -0.3961, -0.2235,  ...,  0.4980,  0.2941, -1.0000],
          ...,
          [-1.0000, -0.4588, -0.3647,  ...,  0.4431,  0.1765, -1.0000],
          [-1.0000, -0.4824, -0.3725,  ...,  0.3961,  0.1373, -1.0000],
          [-1.0000, -0.7020, -0.6235,  ..., -0.2235, -0.3412, -1.0000]],

         [[-1.0000, -0.8588, -0.8118,  ..., -0.5765, -0.6235, -1.0000],
          [-1.0000, -0.5137, -0.3412,  ...,  0.4118,  0.2549, -1.0000],
          [-1.0000, -0.4902, -0.3176,  ...,  0.4745,  0.2863, -1.0000],
          ...,
          [-1.0000, -0.5922, -0.5294,  ...,  0.6000,  0.3176, -1.0000],
          [-1.0000, -0.6157, -0.5216,  ...,  0.5608,  0.2863, -1.0000],
          [-1.0000, -0.7725, -0.7176,  ..., -0.1216, -0.2549, -1.0000]]]],
       device='cuda:0')","tensor([[[1, 1, 1,  ..., 1, 1, 1],
         [1, 1, 1,  ..., 1, 1, 1],
         [1, 1, 1,  ..., 1, 1, 1],
         ...,
         [1, 1, 1,  ..., 1, 1, 1],
         [1, 1, 1,  ..., 1, 1, 1],
         [1, 1, 1,  ..., 1, 1, 1]]], device='cuda:0')"
"tensor([[  101,  6830,  2005, 18520,  2003,  2066,  5599,  9036,  4938,  3422,
          2115,  4268,  2138,  2016,  1005,  1055,  2025,  5905,   102]],
       device='cuda:0')","tensor([[0, 0, 0, 0, 0, 0, 0, 0, 0, 0, 0, 0, 0, 0, 0, 0, 0, 0, 0]],
       device='cuda:0')","tensor([[1, 1, 1, 1, 1, 1, 1, 1, 1, 1, 1, 1, 1, 1, 1, 1, 1, 1, 1]],
       device='cuda:0')","tensor([[[[-0.6235, -0.2784, -0.2941,  ..., -0.2941, -0.2863, -0.3961],
          [ 0.0824,  1.0000,  1.0000,  ...,  1.0000,  1.0000,  0.7098],
          [ 0.0824,  1.0000,  1.0000,  ...,  1.0000,  1.0000,  0.7098],
          ...,
          [-0.9765, -0.9529, -0.9529,  ...,  0.1608,  0.1686, -0.0196],
          [-0.9765, -0.9529, -0.9451,  ...,  0.1765,  0.1922, -0.0039],
          [-0.9922, -0.9843, -0.9843,  ..., -0.5686, -0.5686, -0.6314]],

         [[-0.6235, -0.2784, -0.2941,  ..., -0.2941, -0.2863, -0.3961],
          [ 0.0824,  1.0000,  1.0000,  ...,  1.0000,  1.0000,  0.7098],
          [ 0.0824,  1.0000,  1.0000,  ...,  1.0000,  1.0000,  0.7098],
          ...,
          [-0.9765, -0.9608, -0.9451,  ...,  0.2235,  0.2314,  0.0431],
          [-0.9765, -0.9451, -0.9373,  ...,  0.2314,  0.2392,  0.0431],
          [-0.9922, -0.9843, -0.9765,  ..., -0.5608, -0.5529, -0.6235]],

         [[-0.6235, -0.2784, -0.2941,  ..., -0.2941, -0.2863, -0.3961],
          [ 0.0824,  1.0000,  1.0000,  ...,  1.0000,  1.0000,  0.7098],
          [ 0.0824,  1.0000,  1.0000,  ...,  1.0000,  1.0000,  0.7098],
          ...,
          [-0.9608, -0.9451, -0.9373,  ...,  0.3333,  0.3333,  0.1294],
          [-0.9608, -0.9294, -0.9294,  ...,  0.3412,  0.3490,  0.1451],
          [-0.9843, -0.9765, -0.9765,  ..., -0.5216, -0.5216, -0.5922]]]],
       device='cuda:0')","tensor([[[1, 1, 1,  ..., 1, 1, 1],
         [1, 1, 1,  ..., 1, 1, 1],
         [1, 1, 1,  ..., 1, 1, 1],
         ...,
         [1, 1, 1,  ..., 1, 1, 1],
         [1, 1, 1,  ..., 1, 1, 1],
         [1, 1, 1,  ..., 1, 1, 1]]], device='cuda:0')"
"tensor([[ 101, 2027, 2097, 2574, 2022, 2489,  102]], device='cuda:0')","tensor([[0, 0, 0, 0, 0, 0, 0]], device='cuda:0')","tensor([[1, 1, 1, 1, 1, 1, 1]], device='cuda:0')","tensor([[[[-1.0000, -0.9608, -0.9529,  ..., -0.9451, -0.9529, -1.0000],
          [-1.0000, -0.8667, -0.8510,  ..., -0.8118, -0.8588, -1.0000],
          [-1.0000, -0.8980, -0.8824,  ..., -0.8275, -0.8902, -1.0000],
          ...,
          [-1.0000,  0.1059,  0.3020,  ..., -0.4353, -0.5137, -1.0000],
          [-1.0000,  0.0588,  0.2471,  ..., -0.4353, -0.5137, -1.0000],
          [-1.0000, -0.3961, -0.2863,  ..., -0.6706, -0.7176, -1.0000]],

         [[-1.0000, -0.9451, -0.9216,  ..., -0.9373, -0.9451, -1.0000],
          [-1.0000, -0.8196, -0.7569,  ..., -0.7882, -0.8353, -1.0000],
          [-1.0000, -0.8353, -0.7647,  ..., -0.8039, -0.8588, -1.0000],
          ...,
          [-1.0000,  0.2392,  0.4588,  ..., -0.3804, -0.4667, -1.0000],
          [-1.0000,  0.2000,  0.3961,  ..., -0.3725, -0.4588, -1.0000],
          [-1.0000, -0.3098, -0.1922,  ..., -0.6314, -0.6784, -1.0000]],

         [[-1.0000, -0.9373, -0.9216,  ..., -0.9216, -0.9294, -1.0000],
          [-1.0000, -0.8039, -0.7412,  ..., -0.7412, -0.7882, -1.0000],
          [-1.0000, -0.8118, -0.7490,  ..., -0.7569, -0.8039, -1.0000],
          ...,
          [-1.0000,  0.3176,  0.5373,  ..., -0.2784, -0.3804, -1.0000],
          [-1.0000,  0.2706,  0.4902,  ..., -0.2706, -0.3647, -1.0000],
          [-1.0000, -0.2784, -0.1373,  ..., -0.5608, -0.6235, -1.0000]]]],
       device='cuda:0')","tensor([[[1, 1, 1,  ..., 1, 1, 1],
         [1, 1, 1,  ..., 1, 1, 1],
         [1, 1, 1,  ..., 1, 1, 1],
         ...,
         [1, 1, 1,  ..., 1, 1, 1],
         [1, 1, 1,  ..., 1, 1, 1],
         [1, 1, 1,  ..., 1, 1, 1]]], device='cuda:0')"
"tensor([[ 101, 2003, 2009, 7929, 2005, 2115, 2365, 2030, 2684, 2000, 2655, 2178,
         2158, 1000, 8600, 1029,  102]], device='cuda:0')","tensor([[0, 0, 0, 0, 0, 0, 0, 0, 0, 0, 0, 0, 0, 0, 0, 0, 0]], device='cuda:0')","tensor([[1, 1, 1, 1, 1, 1, 1, 1, 1, 1, 1, 1, 1, 1, 1, 1, 1]], device='cuda:0')","tensor([[[[-0.6078, -0.4353, -0.4588,  ..., -0.9529, -0.9529, -0.9608],
          [-0.2549,  0.0824,  0.0118,  ..., -0.8980, -0.9059, -0.9137],
          [-0.2706,  0.0588,  0.0039,  ..., -0.8980, -0.9059, -0.9137],
          ...,
          [-0.6392, -0.4588, -0.4667,  ..., -0.2549, -0.2627, -0.3569],
          [-0.6314, -0.4510, -0.4588,  ..., -0.2863, -0.3255, -0.3961],
          [-0.8039, -0.7098, -0.7098,  ..., -0.6392, -0.6392, -0.6784]],

         [[-0.6078, -0.4353, -0.4588,  ..., -0.9765, -0.9922, -0.9922],
          [-0.2549,  0.0824,  0.0118,  ..., -0.9608, -0.9765, -0.9765],
          [-0.2706,  0.0588,  0.0039,  ..., -0.9686, -0.9765, -0.9765],
          ...,
          [-0.6471, -0.4667, -0.4667,  ..., -0.3569, -0.3647, -0.4431],
          [-0.6392, -0.4510, -0.4588,  ..., -0.3882, -0.4196, -0.4745],
          [-0.8039, -0.7098, -0.7098,  ..., -0.6863, -0.7020, -0.7176]],

         [[-0.6078, -0.4353, -0.4588,  ..., -0.9765, -0.9843, -0.9922],
          [-0.2549,  0.0824,  0.0118,  ..., -0.9529, -0.9608, -0.9686],
          [-0.2706,  0.0588,  0.0039,  ..., -0.9608, -0.9686, -0.9765],
          ...,
          [-0.6392, -0.4588, -0.4667,  ..., -0.4275, -0.4431, -0.5216],
          [-0.6314, -0.4431, -0.4510,  ..., -0.4667, -0.5059, -0.5529],
          [-0.8039, -0.7098, -0.7098,  ..., -0.7333, -0.7412, -0.7647]]]],
       device='cuda:0')","tensor([[[1, 1, 1,  ..., 1, 1, 1],
         [1, 1, 1,  ..., 1, 1, 1],
         [1, 1, 1,  ..., 1, 1, 1],
         ...,
         [1, 1, 1,  ..., 1, 1, 1],
         [1, 1, 1,  ..., 1, 1, 1],
         [1, 1, 1,  ..., 1, 1, 1]]], device='cuda:0')"
"tensor([[  101,  2087, 11822,  2024, 11822,  1997,  3521,   102]],
       device='cuda:0')","tensor([[0, 0, 0, 0, 0, 0, 0, 0]], device='cuda:0')","tensor([[1, 1, 1, 1, 1, 1, 1, 1]], device='cuda:0')","tensor([[[[ 0.8667,  0.8745,  0.8745,  ...,  0.8667,  0.8667,  0.8667],
          [ 0.8745,  0.8745,  0.8745,  ...,  0.8667,  0.8667,  0.8667],
          [ 0.8745,  0.8745,  0.8745,  ...,  0.8667,  0.8667,  0.8667],
          ...,
          [ 0.5059,  0.5137,  0.5216,  ...,  0.1529,  0.1529,  0.1843],
          [ 0.4980,  0.5059,  0.5137,  ...,  0.1216,  0.1216,  0.1608],
          [ 0.4980,  0.5059,  0.5059,  ...,  0.1294,  0.1294,  0.1529]],

         [[ 0.7569,  0.7569,  0.7569,  ...,  0.7647,  0.7647,  0.7647],
          [ 0.7647,  0.7647,  0.7647,  ...,  0.7647,  0.7647,  0.7647],
          [ 0.7647,  0.7647,  0.7647,  ...,  0.7647,  0.7647,  0.7647],
          ...,
          [ 0.2863,  0.2941,  0.2941,  ..., -0.0902, -0.0902, -0.0588],
          [ 0.2863,  0.2941,  0.2941,  ..., -0.0980, -0.1059, -0.0667],
          [ 0.2784,  0.2863,  0.2941,  ..., -0.0745, -0.0902, -0.0745]],

         [[ 0.4118,  0.4118,  0.4118,  ...,  0.4431,  0.4275,  0.4118],
          [ 0.4196,  0.4196,  0.4118,  ...,  0.4353,  0.4196,  0.4118],
          [ 0.4353,  0.4196,  0.4118,  ...,  0.4353,  0.4196,  0.4196],
          ...,
          [-0.1059, -0.1137, -0.1059,  ..., -0.3882, -0.3961, -0.3882],
          [-0.1137, -0.1216, -0.1137,  ..., -0.4118, -0.4196, -0.3961],
          [-0.1216, -0.1294, -0.1216,  ..., -0.4118, -0.4275, -0.4118]]]],
       device='cuda:0')","tensor([[[1, 1, 1,  ..., 1, 1, 1],
         [1, 1, 1,  ..., 1, 1, 1],
         [1, 1, 1,  ..., 1, 1, 1],
         ...,
         [1, 1, 1,  ..., 1, 1, 1],
         [1, 1, 1,  ..., 1, 1, 1],
         [1, 1, 1,  ..., 1, 1, 1]]], device='cuda:0')"
"tensor([[ 101, 2043, 2017, 2424, 2041, 2045, 1005, 1055, 2019, 3098, 2005, 1996,
         2535, 1997, 2034, 3203,  102]], device='cuda:0')","tensor([[0, 0, 0, 0, 0, 0, 0, 0, 0, 0, 0, 0, 0, 0, 0, 0, 0]], device='cuda:0')","tensor([[1, 1, 1, 1, 1, 1, 1, 1, 1, 1, 1, 1, 1, 1, 1, 1, 1]], device='cuda:0')","tensor([[[[-1.0000, -0.4510, -0.3098,  ..., -0.3098, -0.4431, -1.0000],
          [-1.0000,  0.4980,  0.9059,  ...,  0.9059,  0.5137, -1.0000],
          [-1.0000,  0.5765,  1.0000,  ...,  1.0000,  0.6000, -1.0000],
          ...,
          [-1.0000,  0.5686,  0.9922,  ...,  0.7804,  0.3725, -1.0000],
          [-1.0000,  0.5686,  0.9922,  ...,  0.6941,  0.3020, -1.0000],
          [-1.0000,  0.5686,  0.9922,  ...,  0.6078,  0.2235, -1.0000]],

         [[-1.0000, -0.7725, -0.7098,  ..., -0.6863, -0.7490, -1.0000],
          [-1.0000, -0.3647, -0.1922,  ..., -0.1294, -0.3176, -1.0000],
          [-1.0000, -0.3255, -0.1451,  ..., -0.0824, -0.2706, -1.0000],
          ...,
          [-1.0000, -0.3804, -0.2235,  ..., -0.5529, -0.6863, -1.0000],
          [-1.0000, -0.3882, -0.2235,  ..., -0.6000, -0.7098, -1.0000],
          [-1.0000, -0.3882, -0.2235,  ..., -0.6471, -0.7569, -1.0000]],

         [[-1.0000, -0.7961, -0.7490,  ..., -0.7333, -0.7961, -1.0000],
          [-1.0000, -0.4431, -0.3020,  ..., -0.2706, -0.4196, -1.0000],
          [-1.0000, -0.4118, -0.2627,  ..., -0.2314, -0.3961, -1.0000],
          ...,
          [-1.0000, -0.4196, -0.2627,  ..., -0.6392, -0.7490, -1.0000],
          [-1.0000, -0.4196, -0.2627,  ..., -0.6941, -0.7882, -1.0000],
          [-1.0000, -0.4196, -0.2627,  ..., -0.7255, -0.8196, -1.0000]]]],
       device='cuda:0')","tensor([[[1, 1, 1,  ..., 1, 1, 1],
         [1, 1, 1,  ..., 1, 1, 1],
         [1, 1, 1,  ..., 1, 1, 1],
         ...,
         [1, 1, 1,  ..., 1, 1, 1],
         [1, 1, 1,  ..., 1, 1, 1],
         [1, 1, 1,  ..., 1, 1, 1]]], device='cuda:0')"
"tensor([[  101,  2065,  2111, 15454,  2033,  2138,  1045,  3233,  2006,  1996,
          3606,  2059,  1045,  2031,  2053,  3291,  3788,  2894,   102]],
       device='cuda:0')","tensor([[0, 0, 0, 0, 0, 0, 0, 0, 0, 0, 0, 0, 0, 0, 0, 0, 0, 0, 0]],
       device='cuda:0')","tensor([[1, 1, 1, 1, 1, 1, 1, 1, 1, 1, 1, 1, 1, 1, 1, 1, 1, 1, 1]],
       device='cuda:0')","tensor([[[[-1.0000, -1.0000, -1.0000,  ..., -0.9529, -0.9373, -0.9765],
          [-1.0000, -1.0000, -0.9922,  ..., -0.8745, -0.8510, -0.9373],
          [-1.0000, -0.9922, -1.0000,  ..., -0.8745, -0.8824, -0.9529],
          ...,
          [-0.9059, -0.7882, -0.8275,  ..., -0.7255, -0.7255, -0.8824],
          [-0.9216, -0.8196, -0.8431,  ..., -0.7098, -0.7020, -0.8745],
          [-0.9608, -0.9059, -0.9137,  ..., -0.8196, -0.8039, -0.9137]],

         [[-1.0000, -0.9922, -1.0000,  ..., -0.8902, -0.8824, -0.9451],
          [-0.9922, -0.9765, -0.9843,  ..., -0.7333, -0.7098, -0.8745],
          [-0.9765, -0.9529, -0.9843,  ..., -0.7412, -0.7333, -0.8824],
          ...,
          [-0.8902, -0.7412, -0.7725,  ..., -0.7255, -0.7176, -0.8824],
          [-0.8980, -0.7725, -0.7882,  ..., -0.7098, -0.6941, -0.8745],
          [-0.9451, -0.8667, -0.8745,  ..., -0.8196, -0.8039, -0.9137]],

         [[-0.9608, -0.9059, -0.9137,  ..., -0.8824, -0.8824, -0.9451],
          [-0.8980, -0.7490, -0.7725,  ..., -0.7098, -0.7020, -0.8745],
          [-0.8980, -0.7490, -0.7647,  ..., -0.7098, -0.7098, -0.8824],
          ...,
          [-0.9059, -0.7725, -0.7882,  ..., -0.7647, -0.7569, -0.8980],
          [-0.9059, -0.7725, -0.7804,  ..., -0.7490, -0.7412, -0.8902],
          [-0.9451, -0.8667, -0.8667,  ..., -0.8431, -0.8353, -0.9294]]]],
       device='cuda:0')","tensor([[[1, 1, 1,  ..., 1, 1, 1],
         [1, 1, 1,  ..., 1, 1, 1],
         [1, 1, 1,  ..., 1, 1, 1],
         ...,
         [1, 1, 1,  ..., 1, 1, 1],
         [1, 1, 1,  ..., 1, 1, 1],
         [1, 1, 1,  ..., 1, 1, 1]]], device='cuda:0')"
"tensor([[  101,  2013,  1996,  3953,  1997,  2026,  2540,  1045,  2052,  2066,
          2000, 25664, 12134,  1012,  1012,  1012,  1012,  1012,  2005,  2108,
          2317,   102]], device='cuda:0')","tensor([[0, 0, 0, 0, 0, 0, 0, 0, 0, 0, 0, 0, 0, 0, 0, 0, 0, 0, 0, 0, 0, 0]],
       device='cuda:0')","tensor([[1, 1, 1, 1, 1, 1, 1, 1, 1, 1, 1, 1, 1, 1, 1, 1, 1, 1, 1, 1, 1, 1]],
       device='cuda:0')","tensor([[[[0.0510, 0.5137, 0.4980,  ..., 0.4980, 0.5137, 0.0588],
          [0.4118, 1.0000, 1.0000,  ..., 1.0000, 1.0000, 0.4275],
          [0.3961, 1.0000, 1.0000,  ..., 1.0000, 1.0000, 0.4118],
          ...,
          [0.3961, 1.0000, 1.0000,  ..., 1.0000, 1.0000, 0.4118],
          [0.3961, 1.0000, 1.0000,  ..., 1.0000, 1.0000, 0.4118],
          [0.3961, 1.0000, 1.0000,  ..., 1.0000, 1.0000, 0.4118]],

         [[0.0510, 0.5137, 0.4980,  ..., 0.4980, 0.5137, 0.0588],
          [0.4118, 1.0000, 1.0000,  ..., 1.0000, 1.0000, 0.4275],
          [0.3961, 1.0000, 1.0000,  ..., 1.0000, 1.0000, 0.4118],
          ...,
          [0.3961, 1.0000, 1.0000,  ..., 1.0000, 1.0000, 0.4118],
          [0.3961, 1.0000, 1.0000,  ..., 1.0000, 1.0000, 0.4118],
          [0.3961, 1.0000, 1.0000,  ..., 1.0000, 1.0000, 0.4118]],

         [[0.0510, 0.5137, 0.4980,  ..., 0.4980, 0.5137, 0.0588],
          [0.4118, 1.0000, 1.0000,  ..., 1.0000, 1.0000, 0.4275],
          [0.3961, 1.0000, 1.0000,  ..., 1.0000, 1.0000, 0.4118],
          ...,
          [0.3961, 1.0000, 1.0000,  ..., 1.0000, 1.0000, 0.4118],
          [0.3961, 1.0000, 1.0000,  ..., 1.0000, 1.0000, 0.4118],
          [0.3961, 1.0000, 1.0000,  ..., 1.0000, 1.0000, 0.4118]]]],
       device='cuda:0')","tensor([[[1, 1, 1,  ..., 1, 1, 1],
         [1, 1, 1,  ..., 1, 1, 1],
         [1, 1, 1,  ..., 1, 1, 1],
         ...,
         [1, 1, 1,  ..., 1, 1, 1],
         [1, 1, 1,  ..., 1, 1, 1],
         [1, 1, 1,  ..., 1, 1, 1]]], device='cuda:0')"
"tensor([[  101, 11082, 14908,  1037,  3986,  2000,  2035,  1996,  4841,  7129,
          2011,  2019,  6206,  7344,  2191,  2009,  1015,  1010,  3156,  2661,
          2146,  2382,  2519,  4206,  1998,  2404,  2009,  2006,  1996,  2670,
          3675,   102]], device='cuda:0')","tensor([[0, 0, 0, 0, 0, 0, 0, 0, 0, 0, 0, 0, 0, 0, 0, 0, 0, 0, 0, 0, 0, 0, 0, 0,
         0, 0, 0, 0, 0, 0, 0, 0]], device='cuda:0')","tensor([[1, 1, 1, 1, 1, 1, 1, 1, 1, 1, 1, 1, 1, 1, 1, 1, 1, 1, 1, 1, 1, 1, 1, 1,
         1, 1, 1, 1, 1, 1, 1, 1]], device='cuda:0')","tensor([[[[-0.6235, -0.4510, -0.4588,  ..., -0.2314, -0.2235, -0.4588],
          [-0.4980, -0.2706, -0.2706,  ...,  0.0275,  0.0431, -0.2784],
          [-0.4980, -0.2706, -0.2706,  ...,  0.0118,  0.0275, -0.2863],
          ...,
          [-0.6706, -0.4824, -0.4196,  ..., -0.5686, -0.5686, -0.7020],
          [-0.6471, -0.4588, -0.3961,  ..., -0.5686, -0.5686, -0.7020],
          [-0.6392, -0.4353, -0.3647,  ..., -0.5608, -0.5608, -0.6941]],

         [[-0.6157, -0.4431, -0.4510,  ..., -0.2392, -0.2314, -0.4667],
          [-0.4824, -0.2627, -0.2706,  ...,  0.0039,  0.0275, -0.2941],
          [-0.4980, -0.2706, -0.2706,  ..., -0.0039,  0.0118, -0.2941],
          ...,
          [-0.7412, -0.5922, -0.5451,  ..., -0.5843, -0.5843, -0.7098],
          [-0.7255, -0.5686, -0.5216,  ..., -0.5843, -0.5843, -0.7176],
          [-0.7098, -0.5451, -0.4980,  ..., -0.5765, -0.5765, -0.7098]],

         [[-0.5922, -0.4039, -0.4118,  ..., -0.2314, -0.2235, -0.4588],
          [-0.4510, -0.2078, -0.2157,  ...,  0.0275,  0.0431, -0.2784],
          [-0.4510, -0.2157, -0.2235,  ...,  0.0196,  0.0275, -0.2863],
          ...,
          [-0.8039, -0.6784, -0.6392,  ..., -0.5765, -0.5765, -0.7098],
          [-0.7961, -0.6627, -0.6157,  ..., -0.5765, -0.5765, -0.7098],
          [-0.7725, -0.6392, -0.5922,  ..., -0.5686, -0.5686, -0.7020]]]],
       device='cuda:0')","tensor([[[1, 1, 1,  ..., 1, 1, 1],
         [1, 1, 1,  ..., 1, 1, 1],
         [1, 1, 1,  ..., 1, 1, 1],
         ...,
         [1, 1, 1,  ..., 1, 1, 1],
         [1, 1, 1,  ..., 1, 1, 1],
         [1, 1, 1,  ..., 1, 1, 1]]], device='cuda:0')"
"tensor([[  101,  2074,  2138,  2027,  2079,  2023, 13004,  2078,  1005,  1056,
          2812,  2027,  1005,  2222,  2079,  2023,   102]], device='cuda:0')","tensor([[0, 0, 0, 0, 0, 0, 0, 0, 0, 0, 0, 0, 0, 0, 0, 0, 0]], device='cuda:0')","tensor([[1, 1, 1, 1, 1, 1, 1, 1, 1, 1, 1, 1, 1, 1, 1, 1, 1]], device='cuda:0')","tensor([[[[ 0.1608,  0.3961,  0.3804,  ...,  0.0824,  0.0902, -0.0667],
          [ 0.4118,  0.6863,  0.6784,  ...,  0.3647,  0.3647,  0.1608],
          [ 0.4039,  0.6784,  0.6627,  ...,  0.4353,  0.4275,  0.1765],
          ...,
          [ 0.6863,  1.0000,  1.0000,  ...,  1.0000,  1.0000,  0.7020],
          [ 0.7020,  1.0000,  1.0000,  ...,  1.0000,  1.0000,  0.7176],
          [ 0.4118,  0.6784,  0.6706,  ...,  0.6706,  0.6784,  0.4275]],

         [[ 0.1608,  0.3961,  0.3804,  ...,  0.0824,  0.0745, -0.0824],
          [ 0.4118,  0.6941,  0.6784,  ...,  0.3725,  0.3569,  0.1373],
          [ 0.4039,  0.6863,  0.6706,  ...,  0.4353,  0.4196,  0.1765],
          ...,
          [ 0.6863,  1.0000,  1.0000,  ...,  1.0000,  1.0000,  0.7020],
          [ 0.7020,  1.0000,  1.0000,  ...,  1.0000,  1.0000,  0.7176],
          [ 0.4118,  0.6784,  0.6706,  ...,  0.6706,  0.6784,  0.4275]],

         [[ 0.1216,  0.3412,  0.3412,  ...,  0.0118,  0.0118, -0.1451],
          [ 0.3647,  0.6314,  0.6157,  ...,  0.3020,  0.2784,  0.0824],
          [ 0.3569,  0.6157,  0.6000,  ...,  0.3725,  0.3490,  0.1137],
          ...,
          [ 0.6863,  1.0000,  1.0000,  ...,  1.0000,  1.0000,  0.7020],
          [ 0.7020,  1.0000,  1.0000,  ...,  1.0000,  1.0000,  0.7176],
          [ 0.4118,  0.6784,  0.6706,  ...,  0.6706,  0.6784,  0.4275]]]],
       device='cuda:0')","tensor([[[1, 1, 1,  ..., 1, 1, 1],
         [1, 1, 1,  ..., 1, 1, 1],
         [1, 1, 1,  ..., 1, 1, 1],
         ...,
         [1, 1, 1,  ..., 1, 1, 1],
         [1, 1, 1,  ..., 1, 1, 1],
         [1, 1, 1,  ..., 1, 1, 1]]], device='cuda:0')"
"tensor([[  101,  2065,  2045,  2003,  2053,  2679,  2009,  2064,  1005,  1056,
          2022, 18268,   102]], device='cuda:0')","tensor([[0, 0, 0, 0, 0, 0, 0, 0, 0, 0, 0, 0, 0]], device='cuda:0')","tensor([[1, 1, 1, 1, 1, 1, 1, 1, 1, 1, 1, 1, 1]], device='cuda:0')","tensor([[[[-1.0000, -0.9686, -0.9686,  ..., -0.7176, -0.7882, -1.0000],
          [-1.0000, -0.8980, -0.8745,  ...,  0.0196, -0.2157, -1.0000],
          [-1.0000, -0.8824, -0.8510,  ...,  0.2471,  0.0039, -1.0000],
          ...,
          [-1.0000, -0.8588, -0.8275,  ..., -0.8745, -0.9059, -1.0000],
          [-1.0000, -0.8667, -0.8275,  ..., -0.8824, -0.9059, -1.0000],
          [-1.0000, -0.9294, -0.8980,  ..., -0.9373, -0.9451, -1.0000]],

         [[-1.0000, -0.9373, -0.9294,  ..., -0.8118, -0.8588, -1.0000],
          [-1.0000, -0.7961, -0.7647,  ..., -0.3255, -0.4902, -1.0000],
          [-1.0000, -0.7961, -0.7569,  ..., -0.1529, -0.3333, -1.0000],
          ...,
          [-1.0000, -0.7961, -0.7490,  ..., -0.7804, -0.8118, -1.0000],
          [-1.0000, -0.8039, -0.7569,  ..., -0.7882, -0.8118, -1.0000],
          [-1.0000, -0.8902, -0.8588,  ..., -0.8824, -0.8980, -1.0000]],

         [[-1.0000, -0.9294, -0.9216,  ..., -0.8745, -0.8980, -1.0000],
          [-1.0000, -0.7725, -0.7333,  ..., -0.5686, -0.6471, -1.0000],
          [-1.0000, -0.7647, -0.7333,  ..., -0.4980, -0.5765, -1.0000],
          ...,
          [-1.0000, -0.7647, -0.7255,  ..., -0.7333, -0.7725, -1.0000],
          [-1.0000, -0.7725, -0.7333,  ..., -0.7490, -0.7804, -1.0000],
          [-1.0000, -0.8667, -0.8431,  ..., -0.8510, -0.8745, -1.0000]]]],
       device='cuda:0')","tensor([[[1, 1, 1,  ..., 1, 1, 1],
         [1, 1, 1,  ..., 1, 1, 1],
         [1, 1, 1,  ..., 1, 1, 1],
         ...,
         [1, 1, 1,  ..., 1, 1, 1],
         [1, 1, 1,  ..., 1, 1, 1],
         [1, 1, 1,  ..., 1, 1, 1]]], device='cuda:0')"
"tensor([[ 101, 2182, 1005, 1055, 2000, 2035, 2026, 2814, 2040, 2196, 2695, 2055,
         4331, 2030, 4676,  102]], device='cuda:0')","tensor([[0, 0, 0, 0, 0, 0, 0, 0, 0, 0, 0, 0, 0, 0, 0, 0]], device='cuda:0')","tensor([[1, 1, 1, 1, 1, 1, 1, 1, 1, 1, 1, 1, 1, 1, 1, 1]], device='cuda:0')","tensor([[[[-0.8824, -0.7569, -0.7725,  ..., -0.7725, -0.7647, -0.8824],
          [-0.5451, -0.0667, -0.0980,  ..., -0.1059, -0.0824, -0.5529],
          [-0.5059,  0.0275, -0.0039,  ..., -0.0431, -0.0118, -0.5137],
          ...,
          [-0.8275, -0.6392, -0.6392,  ..., -0.6549, -0.6549, -0.8353],
          [-0.8118, -0.5922, -0.5922,  ..., -0.6471, -0.6392, -0.8353],
          [-0.8824, -0.7412, -0.7412,  ..., -0.7961, -0.7882, -0.8980]],

         [[-0.8824, -0.7569, -0.7725,  ..., -0.7725, -0.7647, -0.8824],
          [-0.5451, -0.0667, -0.0980,  ..., -0.1059, -0.0824, -0.5529],
          [-0.5059,  0.0275, -0.0039,  ..., -0.0431, -0.0118, -0.5137],
          ...,
          [-0.8275, -0.6392, -0.6392,  ..., -0.6549, -0.6549, -0.8353],
          [-0.8118, -0.5922, -0.5922,  ..., -0.6471, -0.6392, -0.8353],
          [-0.8824, -0.7412, -0.7412,  ..., -0.7961, -0.7882, -0.8980]],

         [[-0.8824, -0.7569, -0.7725,  ..., -0.7725, -0.7647, -0.8824],
          [-0.5451, -0.0667, -0.0980,  ..., -0.1059, -0.0824, -0.5529],
          [-0.5059,  0.0275, -0.0039,  ..., -0.0431, -0.0118, -0.5137],
          ...,
          [-0.8275, -0.6392, -0.6392,  ..., -0.6549, -0.6549, -0.8353],
          [-0.8118, -0.5922, -0.5922,  ..., -0.6471, -0.6392, -0.8353],
          [-0.8824, -0.7412, -0.7412,  ..., -0.7961, -0.7882, -0.8980]]]],
       device='cuda:0')","tensor([[[1, 1, 1,  ..., 1, 1, 1],
         [1, 1, 1,  ..., 1, 1, 1],
         [1, 1, 1,  ..., 1, 1, 1],
         ...,
         [1, 1, 1,  ..., 1, 1, 1],
         [1, 1, 1,  ..., 1, 1, 1],
         [1, 1, 1,  ..., 1, 1, 1]]], device='cuda:0')"
"tensor([[ 101, 9107, 1037, 2154, 2012, 1996, 3509,  102]], device='cuda:0')","tensor([[0, 0, 0, 0, 0, 0, 0, 0]], device='cuda:0')","tensor([[1, 1, 1, 1, 1, 1, 1, 1]], device='cuda:0')","tensor([[[[-0.3647, -0.1059, -0.1137,  ..., -0.7412, -0.7020, -0.7804],
          [-0.1686,  0.1765,  0.1686,  ..., -0.6157, -0.5765, -0.7020],
          [-0.1843,  0.1608,  0.1451,  ..., -0.6157, -0.6235, -0.7333],
          ...,
          [ 0.1686,  0.6549,  0.6392,  ...,  0.7255,  0.7569,  0.2549],
          [ 0.1686,  0.6549,  0.6314,  ...,  0.7255,  0.7569,  0.2549],
          [ 0.1373,  0.6078,  0.5765,  ...,  0.6784,  0.7020,  0.2157]],

         [[-0.2314,  0.0902,  0.0745,  ..., -0.6941, -0.6471, -0.7412],
          [ 0.0118,  0.4275,  0.4118,  ..., -0.5373, -0.5059, -0.6471],
          [-0.0039,  0.4118,  0.3882,  ..., -0.5294, -0.5529, -0.6941],
          ...,
          [ 0.0667,  0.4980,  0.4824,  ...,  0.5686,  0.6000,  0.1451],
          [ 0.0588,  0.5059,  0.4824,  ...,  0.5686,  0.6000,  0.1451],
          [ 0.0353,  0.4667,  0.4431,  ...,  0.5216,  0.5529,  0.1137]],

         [[-0.0824,  0.2863,  0.2706,  ..., -0.8353, -0.8039, -0.8510],
          [ 0.2078,  0.7020,  0.6784,  ..., -0.7412, -0.7255, -0.8039],
          [ 0.1922,  0.6784,  0.6549,  ..., -0.7333, -0.7490, -0.8196],
          ...,
          [-0.0980,  0.2784,  0.2863,  ...,  0.2941,  0.3255, -0.0431],
          [-0.0902,  0.2863,  0.2784,  ...,  0.3020,  0.3333, -0.0353],
          [-0.1137,  0.2627,  0.2471,  ...,  0.2706,  0.2941, -0.0667]]]],
       device='cuda:0')","tensor([[[1, 1, 1,  ..., 1, 1, 1],
         [1, 1, 1,  ..., 1, 1, 1],
         [1, 1, 1,  ..., 1, 1, 1],
         ...,
         [1, 1, 1,  ..., 1, 1, 1],
         [1, 1, 1,  ..., 1, 1, 1],
         [1, 1, 1,  ..., 1, 1, 1]]], device='cuda:0')"
"tensor([[ 101, 2043, 2017, 2272, 2188, 2013, 1037, 2146, 2154, 1997, 5920, 5968,
         2378, 2497, 1998, 2115, 2564, 3957, 2017, 2023, 2298,  102]],
       device='cuda:0')","tensor([[0, 0, 0, 0, 0, 0, 0, 0, 0, 0, 0, 0, 0, 0, 0, 0, 0, 0, 0, 0, 0, 0]],
       device='cuda:0')","tensor([[1, 1, 1, 1, 1, 1, 1, 1, 1, 1, 1, 1, 1, 1, 1, 1, 1, 1, 1, 1, 1, 1]],
       device='cuda:0')","tensor([[[[-0.5765, -0.4039, -0.4118,  ..., -0.7020, -0.7020, -0.7804],
          [-0.4510, -0.2235, -0.2314,  ..., -0.6078, -0.6000, -0.7176],
          [-0.4588, -0.2314, -0.2549,  ..., -0.6157, -0.6157, -0.7333],
          ...,
          [-0.8275, -0.7647, -0.7647,  ..., -0.9137, -0.9059, -0.9294],
          [-0.8353, -0.7647, -0.7647,  ..., -0.9137, -0.9059, -0.9294],
          [-0.8353, -0.7725, -0.7647,  ..., -0.9137, -0.9059, -0.9294]],

         [[-0.5765, -0.3961, -0.4039,  ..., -0.7569, -0.7490, -0.8196],
          [-0.4431, -0.2235, -0.2392,  ..., -0.6706, -0.6627, -0.7647],
          [-0.4588, -0.2471, -0.2706,  ..., -0.6863, -0.6784, -0.7725],
          ...,
          [-0.7804, -0.6863, -0.7020,  ..., -0.9451, -0.9373, -0.9608],
          [-0.7804, -0.6863, -0.7020,  ..., -0.9451, -0.9373, -0.9608],
          [-0.7961, -0.7020, -0.7098,  ..., -0.9451, -0.9451, -0.9608]],

         [[-0.5843, -0.4118, -0.4275,  ..., -0.7804, -0.7804, -0.8431],
          [-0.4667, -0.2549, -0.2706,  ..., -0.7098, -0.7098, -0.7961],
          [-0.4902, -0.2863, -0.3098,  ..., -0.7098, -0.7098, -0.7961],
          ...,
          [-0.7098, -0.5843, -0.6000,  ..., -0.9373, -0.9294, -0.9451],
          [-0.7098, -0.5843, -0.6000,  ..., -0.9373, -0.9294, -0.9451],
          [-0.7255, -0.6078, -0.6157,  ..., -0.9373, -0.9373, -0.9529]]]],
       device='cuda:0')","tensor([[[1, 1, 1,  ..., 1, 1, 1],
         [1, 1, 1,  ..., 1, 1, 1],
         [1, 1, 1,  ..., 1, 1, 1],
         ...,
         [1, 1, 1,  ..., 1, 1, 1],
         [1, 1, 1,  ..., 1, 1, 1],
         [1, 1, 1,  ..., 1, 1, 1]]], device='cuda:0')"
"tensor([[  101,  2003,  7987, 12322,  2075,  7486,  2005,  4314,  4494,  6796,
         19817, 27627,  1005,  1055,  2069,  8066,  1029,  2339,  2515,  6796,
         19817, 27627,  2293, 15040,  2061,  2172,  2096, 10132,  4487, 21338,
          2229,  5051, 11873, 16485,  1010,  3010,  5300,  1010,  2256,  2381,
          1998,  7443,  1010,  2256, 15995,  1998,  8244,  1029, 21146,  4360,
          2375,  2038,  2053,  2173,  1999,  2710,   999,  2196,  2038,  1012,
          1012,  1012,  2196,  2097,  1012,   102]], device='cuda:0')","tensor([[0, 0, 0, 0, 0, 0, 0, 0, 0, 0, 0, 0, 0, 0, 0, 0, 0, 0, 0, 0, 0, 0, 0, 0,
         0, 0, 0, 0, 0, 0, 0, 0, 0, 0, 0, 0, 0, 0, 0, 0, 0, 0, 0, 0, 0, 0, 0, 0,
         0, 0, 0, 0, 0, 0, 0, 0, 0, 0, 0, 0, 0, 0, 0, 0, 0, 0]],
       device='cuda:0')","tensor([[1, 1, 1, 1, 1, 1, 1, 1, 1, 1, 1, 1, 1, 1, 1, 1, 1, 1, 1, 1, 1, 1, 1, 1,
         1, 1, 1, 1, 1, 1, 1, 1, 1, 1, 1, 1, 1, 1, 1, 1, 1, 1, 1, 1, 1, 1, 1, 1,
         1, 1, 1, 1, 1, 1, 1, 1, 1, 1, 1, 1, 1, 1, 1, 1, 1, 1]],
       device='cuda:0')","tensor([[[[-0.8118, -0.5765, -0.5843,  ..., -0.8118, -0.7961, -0.9059],
          [-0.3255,  0.5529,  0.5059,  ..., -0.3176, -0.2627, -0.6549],
          [-0.3098,  0.5765,  0.5216,  ..., -0.2941, -0.2235, -0.6392],
          ...,
          [-0.8824, -0.7255, -0.7333,  ..., -0.6471, -0.6471, -0.8431],
          [-0.8902, -0.7333, -0.7412,  ..., -0.6549, -0.6706, -0.8588],
          [-0.9686, -0.9294, -0.9294,  ..., -0.9059, -0.9137, -0.9608]],

         [[-0.8039, -0.5529, -0.5686,  ..., -0.8196, -0.8118, -0.9137],
          [-0.2784,  0.6392,  0.5843,  ..., -0.3490, -0.3020, -0.6784],
          [-0.2706,  0.6706,  0.6157,  ..., -0.3176, -0.2627, -0.6471],
          ...,
          [-0.8824, -0.7176, -0.7176,  ..., -0.6235, -0.6235, -0.8353],
          [-0.8824, -0.7176, -0.7255,  ..., -0.6392, -0.6392, -0.8431],
          [-0.9686, -0.9216, -0.9216,  ..., -0.9059, -0.9059, -0.9608]],

         [[-0.7882, -0.5137, -0.5294,  ..., -0.8824, -0.8745, -0.9451],
          [-0.2157,  0.7804,  0.7176,  ..., -0.5765, -0.5373, -0.7882],
          [-0.2078,  0.8039,  0.7490,  ..., -0.5765, -0.5373, -0.7882],
          ...,
          [-0.9216, -0.8196, -0.8196,  ..., -0.7882, -0.7961, -0.9137],
          [-0.9216, -0.8275, -0.8353,  ..., -0.7961, -0.8039, -0.9137],
          [-0.9765, -0.9529, -0.9529,  ..., -0.9451, -0.9451, -0.9765]]]],
       device='cuda:0')","tensor([[[1, 1, 1,  ..., 1, 1, 1],
         [1, 1, 1,  ..., 1, 1, 1],
         [1, 1, 1,  ..., 1, 1, 1],
         ...,
         [1, 1, 1,  ..., 1, 1, 1],
         [1, 1, 1,  ..., 1, 1, 1],
         [1, 1, 1,  ..., 1, 1, 1]]], device='cuda:0')"
"tensor([[  101,  2043,  2027,  2202,  2205,  2146,  2000,  6271,  2041,  1996,
         13541,   102]], device='cuda:0')","tensor([[0, 0, 0, 0, 0, 0, 0, 0, 0, 0, 0, 0]], device='cuda:0')","tensor([[1, 1, 1, 1, 1, 1, 1, 1, 1, 1, 1, 1]], device='cuda:0')","tensor([[[[-0.7804, -0.7804, -0.7804,  ..., -0.9843, -0.9843, -0.9843],
          [-0.7882, -0.7882, -0.7804,  ..., -0.9843, -0.9843, -0.9843],
          [-0.7882, -0.7882, -0.7804,  ..., -0.9843, -0.9843, -0.9843],
          ...,
          [-0.9686, -0.9686, -0.9686,  ...,  0.0745,  0.0824,  0.0902],
          [-0.9686, -0.9686, -0.9686,  ...,  0.0745,  0.0824,  0.0902],
          [-0.9686, -0.9686, -0.9686,  ...,  0.0745,  0.0824,  0.0902]],

         [[-0.6863, -0.6863, -0.6863,  ..., -0.9843, -0.9843, -0.9843],
          [-0.6863, -0.6863, -0.6863,  ..., -0.9843, -0.9843, -0.9843],
          [-0.6863, -0.6863, -0.6863,  ..., -0.9843, -0.9843, -0.9843],
          ...,
          [-0.9686, -0.9686, -0.9608,  ..., -0.2078, -0.2000, -0.1922],
          [-0.9686, -0.9686, -0.9686,  ..., -0.2078, -0.2000, -0.1922],
          [-0.9686, -0.9686, -0.9686,  ..., -0.2000, -0.1922, -0.1922]],

         [[-0.5922, -0.5922, -0.5922,  ..., -0.9843, -0.9843, -0.9843],
          [-0.5922, -0.5922, -0.5922,  ..., -0.9843, -0.9843, -0.9843],
          [-0.6000, -0.6000, -0.6000,  ..., -0.9843, -0.9843, -0.9843],
          ...,
          [-0.9686, -0.9608, -0.9451,  ..., -0.3961, -0.3882, -0.3804],
          [-0.9608, -0.9608, -0.9529,  ..., -0.3961, -0.3882, -0.3804],
          [-0.9529, -0.9529, -0.9529,  ..., -0.3961, -0.3882, -0.3804]]]],
       device='cuda:0')","tensor([[[1, 1, 1,  ..., 1, 1, 1],
         [1, 1, 1,  ..., 1, 1, 1],
         [1, 1, 1,  ..., 1, 1, 1],
         ...,
         [1, 1, 1,  ..., 1, 1, 1],
         [1, 1, 1,  ..., 1, 1, 1],
         [1, 1, 1,  ..., 1, 1, 1]]], device='cuda:0')"
"tensor([[  101,  2028,  3722,  3160,  2339,  2024,  2057,  5599,  2028,  2158,
         23087,  6033,  2256,  3842,  2077,  2256,  2159,  1029,  3437, 11857,
         28514,   102]], device='cuda:0')","tensor([[0, 0, 0, 0, 0, 0, 0, 0, 0, 0, 0, 0, 0, 0, 0, 0, 0, 0, 0, 0, 0, 0]],
       device='cuda:0')","tensor([[1, 1, 1, 1, 1, 1, 1, 1, 1, 1, 1, 1, 1, 1, 1, 1, 1, 1, 1, 1, 1, 1]],
       device='cuda:0')","tensor([[[[-0.8039, -0.4824, -0.4980,  ..., -0.4824, -0.4667, -0.7961],
          [-0.5529,  0.1686,  0.1216,  ...,  0.1608,  0.2000, -0.5373],
          [-0.5765,  0.1294,  0.0980,  ...,  0.1294,  0.1686, -0.5529],
          ...,
          [-0.6627, -0.0902, -0.1059,  ...,  0.0431,  0.0980, -0.5843],
          [-0.6549, -0.0824, -0.0980,  ...,  0.0667,  0.1137, -0.5765],
          [-0.7961, -0.4667, -0.4824,  ..., -0.3804, -0.3569, -0.7569]],

         [[-0.8353, -0.5529, -0.5686,  ..., -0.5294, -0.5137, -0.8196],
          [-0.6235,  0.0196, -0.0196,  ...,  0.0510,  0.0824, -0.6000],
          [-0.6314, -0.0118, -0.0431,  ...,  0.0353,  0.0588, -0.6000],
          ...,
          [-0.7176, -0.2392, -0.2471,  ..., -0.0353,  0.0118, -0.6157],
          [-0.7098, -0.2314, -0.2471,  ..., -0.0196,  0.0196, -0.6157],
          [-0.8275, -0.5529, -0.5608,  ..., -0.4353, -0.4118, -0.7725]],

         [[-0.8667, -0.6471, -0.6627,  ..., -0.6000, -0.5843, -0.8431],
          [-0.7020, -0.2157, -0.2392,  ..., -0.1059, -0.0745, -0.6549],
          [-0.7098, -0.2392, -0.2627,  ..., -0.1294, -0.0980, -0.6627],
          ...,
          [-0.7882, -0.4353, -0.4353,  ..., -0.1922, -0.1451, -0.6706],
          [-0.7804, -0.4275, -0.4353,  ..., -0.1843, -0.1373, -0.6706],
          [-0.8745, -0.6627, -0.6784,  ..., -0.5294, -0.5059, -0.8118]]]],
       device='cuda:0')","tensor([[[1, 1, 1,  ..., 1, 1, 1],
         [1, 1, 1,  ..., 1, 1, 1],
         [1, 1, 1,  ..., 1, 1, 1],
         ...,
         [1, 1, 1,  ..., 1, 1, 1],
         [1, 1, 1,  ..., 1, 1, 1],
         [1, 1, 1,  ..., 1, 1, 1]]], device='cuda:0')"
"tensor([[  101,  1040,  1012,  1046,  1012,  9808,  8067,  6714, 14887,  4530,
          8091,  1005, 10299,  2066,  1996,  5519,  7626,   102]],
       device='cuda:0')","tensor([[0, 0, 0, 0, 0, 0, 0, 0, 0, 0, 0, 0, 0, 0, 0, 0, 0, 0]],
       device='cuda:0')","tensor([[1, 1, 1, 1, 1, 1, 1, 1, 1, 1, 1, 1, 1, 1, 1, 1, 1, 1]],
       device='cuda:0')","tensor([[[[-1.0000, -0.9843, -0.9765,  ..., -0.7255, -0.7490, -1.0000],
          [-1.0000, -0.9294, -0.9137,  ..., -0.0588, -0.1608, -1.0000],
          [-1.0000, -0.9216, -0.9059,  ..., -0.0745, -0.1608, -1.0000],
          ...,
          [-1.0000, -0.9373, -0.9294,  ..., -0.7647, -0.8431, -1.0000],
          [-1.0000, -0.9373, -0.9294,  ..., -0.7804, -0.7882, -1.0000],
          [-1.0000, -0.9686, -0.9608,  ..., -0.9059, -0.8902, -1.0000]],

         [[-1.0000, -1.0000, -1.0000,  ..., -0.8510, -0.8745, -1.0000],
          [-1.0000, -1.0000, -1.0000,  ..., -0.4902, -0.5451, -1.0000],
          [-1.0000, -1.0000, -1.0000,  ..., -0.5137, -0.5529, -1.0000],
          ...,
          [-1.0000, -0.9608, -0.9529,  ..., -0.7961, -0.8667, -1.0000],
          [-1.0000, -0.9608, -0.9608,  ..., -0.8118, -0.8118, -1.0000],
          [-1.0000, -0.9843, -0.9843,  ..., -0.9216, -0.8980, -1.0000]],

         [[-1.0000, -1.0000, -1.0000,  ..., -0.9373, -0.9373, -1.0000],
          [-1.0000, -1.0000, -1.0000,  ..., -0.7725, -0.7882, -1.0000],
          [-1.0000, -1.0000, -1.0000,  ..., -0.7725, -0.7725, -1.0000],
          ...,
          [-1.0000, -0.9608, -0.9529,  ..., -0.7961, -0.8588, -1.0000],
          [-1.0000, -0.9686, -0.9608,  ..., -0.8118, -0.8275, -1.0000],
          [-1.0000, -0.9843, -0.9765,  ..., -0.9216, -0.9059, -1.0000]]]],
       device='cuda:0')","tensor([[[1, 1, 1,  ..., 1, 1, 1],
         [1, 1, 1,  ..., 1, 1, 1],
         [1, 1, 1,  ..., 1, 1, 1],
         ...,
         [1, 1, 1,  ..., 1, 1, 1],
         [1, 1, 1,  ..., 1, 1, 1],
         [1, 1, 1,  ..., 1, 1, 1]]], device='cuda:0')"
"tensor([[ 101, 2693, 2000, 2047, 2259, 2027, 2056, 2009, 1005, 2222, 2022, 4569,
         2027, 2056,  102]], device='cuda:0')","tensor([[0, 0, 0, 0, 0, 0, 0, 0, 0, 0, 0, 0, 0, 0, 0]], device='cuda:0')","tensor([[1, 1, 1, 1, 1, 1, 1, 1, 1, 1, 1, 1, 1, 1, 1]], device='cuda:0')","tensor([[[[-0.6314, -0.5059, -0.5451,  ..., -0.4196, -0.3647, -0.5216],
          [-0.5451, -0.3725, -0.3882,  ..., -0.2941, -0.2392, -0.4196],
          [-0.5216, -0.3255, -0.3725,  ..., -0.3647, -0.3490, -0.4902],
          ...,
          [ 0.2078,  0.6471,  0.6471,  ...,  0.9843,  1.0000,  0.5059],
          [ 0.2392,  0.6784,  0.6941,  ...,  1.0000,  1.0000,  0.5294],
          [ 0.0275,  0.3882,  0.3647,  ...,  0.5843,  0.6000,  0.2078]],

         [[-0.6627, -0.5373, -0.5765,  ..., -0.4824, -0.4431, -0.5686],
          [-0.5765, -0.4118, -0.4431,  ..., -0.3725, -0.3255, -0.4745],
          [-0.5608, -0.3725, -0.4353,  ..., -0.4431, -0.4039, -0.5373],
          ...,
          [ 0.1843,  0.6078,  0.6000,  ...,  0.9922,  1.0000,  0.5137],
          [ 0.2078,  0.6392,  0.6549,  ...,  1.0000,  1.0000,  0.5294],
          [-0.0039,  0.3490,  0.3412,  ...,  0.5843,  0.6000,  0.2078]],

         [[-0.7020, -0.5922, -0.6078,  ..., -0.5137, -0.4902, -0.6235],
          [-0.6235, -0.4745, -0.4824,  ..., -0.4118, -0.3804, -0.5451],
          [-0.6157, -0.4431, -0.4667,  ..., -0.4902, -0.4745, -0.5922],
          ...,
          [ 0.1294,  0.5216,  0.5216,  ...,  0.9843,  1.0000,  0.5137],
          [ 0.1608,  0.5686,  0.5922,  ...,  1.0000,  1.0000,  0.5294],
          [-0.0353,  0.3255,  0.3098,  ...,  0.5765,  0.6000,  0.2078]]]],
       device='cuda:0')","tensor([[[1, 1, 1,  ..., 1, 1, 1],
         [1, 1, 1,  ..., 1, 1, 1],
         [1, 1, 1,  ..., 1, 1, 1],
         ...,
         [1, 1, 1,  ..., 1, 1, 1],
         [1, 1, 1,  ..., 1, 1, 1],
         [1, 1, 1,  ..., 1, 1, 1]]], device='cuda:0')"
"tensor([[  101,  2026, 11642,  1011,  9338,  2003,  2200,  4030,  2651,   102]],
       device='cuda:0')","tensor([[0, 0, 0, 0, 0, 0, 0, 0, 0, 0]], device='cuda:0')","tensor([[1, 1, 1, 1, 1, 1, 1, 1, 1, 1]], device='cuda:0')","tensor([[[[-0.2784,  0.0196,  0.0039,  ..., -0.7490, -0.6941, -0.7961],
          [-0.0745,  0.3255,  0.3098,  ..., -0.6627, -0.5765, -0.7176],
          [-0.1373,  0.2314,  0.2235,  ..., -0.6784, -0.6078, -0.7255],
          ...,
          [-0.8118, -0.7882, -0.8745,  ..., -0.9608, -0.9608, -0.9686],
          [-0.9529, -0.9216, -0.8980,  ..., -0.9608, -0.9608, -0.9686],
          [-0.9373, -0.9059, -0.8980,  ..., -0.9608, -0.9608, -0.9686]],

         [[-0.8118, -0.6941, -0.6392,  ..., -0.7882, -0.7725, -0.8510],
          [-0.6706, -0.4902, -0.4353,  ..., -0.7255, -0.6863, -0.7961],
          [-0.6078, -0.4275, -0.3961,  ..., -0.7333, -0.7020, -0.7961],
          ...,
          [-0.7647, -0.7098, -0.7725,  ..., -0.9294, -0.9294, -0.9451],
          [-0.8824, -0.8196, -0.7961,  ..., -0.9294, -0.9294, -0.9451],
          [-0.8667, -0.8196, -0.8118,  ..., -0.9294, -0.9294, -0.9529]],

         [[-0.9137, -0.8667, -0.8353,  ..., -0.8118, -0.8039, -0.8745],
          [-0.8431, -0.7647, -0.7333,  ..., -0.7490, -0.7255, -0.8196],
          [-0.8039, -0.7098, -0.7020,  ..., -0.7647, -0.7412, -0.8196],
          ...,
          [-0.7176, -0.6471, -0.7176,  ..., -0.8745, -0.8745, -0.9059],
          [-0.8510, -0.7804, -0.7490,  ..., -0.8824, -0.8745, -0.9059],
          [-0.8353, -0.7725, -0.7647,  ..., -0.8824, -0.8745, -0.9137]]]],
       device='cuda:0')","tensor([[[1, 1, 1,  ..., 1, 1, 1],
         [1, 1, 1,  ..., 1, 1, 1],
         [1, 1, 1,  ..., 1, 1, 1],
         ...,
         [1, 1, 1,  ..., 1, 1, 1],
         [1, 1, 1,  ..., 1, 1, 1],
         [1, 1, 1,  ..., 1, 1, 1]]], device='cuda:0')"
"tensor([[  101,  2043,  2017,  9554,  2991,  1999,  1996, 11848,   102]],
       device='cuda:0')","tensor([[0, 0, 0, 0, 0, 0, 0, 0, 0]], device='cuda:0')","tensor([[1, 1, 1, 1, 1, 1, 1, 1, 1]], device='cuda:0')","tensor([[[[-1.0000, -0.7098, -0.6549,  ..., -0.4588, -0.5373, -1.0000],
          [-1.0000, -0.0275,  0.1608,  ...,  0.8196,  0.5686, -1.0000],
          [-1.0000, -0.0196,  0.2235,  ...,  0.8902,  0.6235, -1.0000],
          ...,
          [-1.0000, -0.5608, -0.4275,  ...,  0.0431, -0.1922, -1.0000],
          [-1.0000, -0.5765, -0.4824,  ..., -0.1922, -0.3882, -1.0000],
          [-1.0000, -0.7333, -0.6863,  ..., -0.6235, -0.7020, -1.0000]],

         [[-1.0000, -0.7098, -0.6471,  ..., -0.4510, -0.5294, -1.0000],
          [-1.0000, -0.0196,  0.1686,  ...,  0.8510,  0.5922, -1.0000],
          [-1.0000, -0.0118,  0.2392,  ...,  0.9216,  0.6549, -1.0000],
          ...,
          [-1.0000, -0.5686, -0.4275,  ..., -0.0039, -0.2314, -1.0000],
          [-1.0000, -0.5686, -0.4745,  ..., -0.2471, -0.4275, -1.0000],
          [-1.0000, -0.7333, -0.6863,  ..., -0.6392, -0.7098, -1.0000]],

         [[-1.0000, -0.6941, -0.6392,  ..., -0.4431, -0.5216, -1.0000],
          [-1.0000,  0.0118,  0.2000,  ...,  0.8745,  0.6078, -1.0000],
          [-1.0000,  0.0275,  0.2784,  ...,  0.9451,  0.6706, -1.0000],
          ...,
          [-1.0000, -0.5373, -0.3961,  ...,  0.0196, -0.2549, -1.0000],
          [-1.0000, -0.5451, -0.4431,  ..., -0.2471, -0.4588, -1.0000],
          [-1.0000, -0.7255, -0.6706,  ..., -0.6392, -0.7255, -1.0000]]]],
       device='cuda:0')","tensor([[[1, 1, 1,  ..., 1, 1, 1],
         [1, 1, 1,  ..., 1, 1, 1],
         [1, 1, 1,  ..., 1, 1, 1],
         ...,
         [1, 1, 1,  ..., 1, 1, 1],
         [1, 1, 1,  ..., 1, 1, 1],
         [1, 1, 1,  ..., 1, 1, 1]]], device='cuda:0')"
"tensor([[ 101, 2048, 2450, 3788, 2188, 2362, 2044, 1037, 3835, 2154, 2041, 2362,
          102]], device='cuda:0')","tensor([[0, 0, 0, 0, 0, 0, 0, 0, 0, 0, 0, 0, 0]], device='cuda:0')","tensor([[1, 1, 1, 1, 1, 1, 1, 1, 1, 1, 1, 1, 1]], device='cuda:0')","tensor([[[[-1.0000, -0.7804, -0.6863,  ..., -0.8824, -0.8745, -1.0000],
          [-0.9922, -0.1686,  0.1373,  ..., -0.5765, -0.5373, -1.0000],
          [-0.9922, -0.1608,  0.1529,  ..., -0.6314, -0.5529, -1.0000],
          ...,
          [-0.9922, -0.5216, -0.4353,  ..., -0.2157, -0.2863, -0.9922],
          [-1.0000, -0.5451, -0.4510,  ..., -0.1922, -0.2549, -0.9922],
          [-1.0000, -0.8196, -0.7804,  ..., -0.6863, -0.7098, -1.0000]],

         [[-1.0000, -0.7647, -0.6784,  ..., -0.9608, -0.9529, -1.0000],
          [-0.9922, -0.1294,  0.1843,  ..., -0.8431, -0.8275, -1.0000],
          [-0.9922, -0.1059,  0.2000,  ..., -0.8745, -0.8431, -1.0000],
          ...,
          [-1.0000, -0.5294, -0.4275,  ..., -0.2235, -0.2863, -0.9922],
          [-1.0000, -0.5451, -0.4510,  ..., -0.2000, -0.2549, -0.9922],
          [-1.0000, -0.8196, -0.7804,  ..., -0.6863, -0.7098, -1.0000]],

         [[-1.0000, -0.8275, -0.7333,  ..., -0.9765, -0.9765, -1.0000],
          [-0.9922, -0.3569, -0.0196,  ..., -0.9216, -0.9059, -1.0000],
          [-0.9922, -0.3490, -0.0118,  ..., -0.9451, -0.9216, -1.0000],
          ...,
          [-1.0000, -0.5373, -0.4353,  ..., -0.1922, -0.2706, -0.9922],
          [-1.0000, -0.5529, -0.4510,  ..., -0.1608, -0.2235, -0.9922],
          [-1.0000, -0.8275, -0.7804,  ..., -0.6706, -0.6941, -1.0000]]]],
       device='cuda:0')","tensor([[[1, 1, 1,  ..., 1, 1, 1],
         [1, 1, 1,  ..., 1, 1, 1],
         [1, 1, 1,  ..., 1, 1, 1],
         ...,
         [1, 1, 1,  ..., 1, 1, 1],
         [1, 1, 1,  ..., 1, 1, 1],
         [1, 1, 1,  ..., 1, 1, 1]]], device='cuda:0')"
"tensor([[  101,  3146,  5231,  2022,  2066,  1012,  1012,  1012, 29071, 29071,
         29071,   102]], device='cuda:0')","tensor([[0, 0, 0, 0, 0, 0, 0, 0, 0, 0, 0, 0]], device='cuda:0')","tensor([[1, 1, 1, 1, 1, 1, 1, 1, 1, 1, 1, 1]], device='cuda:0')","tensor([[[[-1.0000, -0.5373, -0.4588,  ..., -0.4275, -0.5059, -1.0000],
          [-1.0000,  0.5686,  0.8275,  ...,  0.9294,  0.6627, -1.0000],
          [-1.0000,  0.6157,  0.8902,  ...,  1.0000,  0.7255, -1.0000],
          ...,
          [-1.0000, -0.8824, -0.9059,  ...,  0.2314,  0.0510, -1.0000],
          [-1.0000, -0.9686, -0.9529,  ...,  0.2157,  0.0431, -1.0000],
          [-1.0000, -0.9608, -0.9608,  ..., -0.2863, -0.3804, -1.0000]],

         [[-1.0000, -0.5451, -0.4588,  ..., -0.4275, -0.5059, -1.0000],
          [-1.0000,  0.5451,  0.8118,  ...,  0.9294,  0.6627, -1.0000],
          [-1.0000,  0.6000,  0.8667,  ...,  1.0000,  0.7255, -1.0000],
          ...,
          [-1.0000, -0.8667, -0.8980,  ...,  0.3725,  0.1686, -1.0000],
          [-1.0000, -0.9686, -0.9529,  ...,  0.3490,  0.1608, -1.0000],
          [-1.0000, -0.9608, -0.9608,  ..., -0.2078, -0.3020, -1.0000]],

         [[-1.0000, -0.5529, -0.4745,  ..., -0.4275, -0.5137, -1.0000],
          [-1.0000,  0.5137,  0.7725,  ...,  0.9137,  0.6471, -1.0000],
          [-1.0000,  0.5608,  0.8275,  ...,  0.9843,  0.7098, -1.0000],
          ...,
          [-1.0000, -0.8510, -0.8745,  ...,  0.4431,  0.2314, -1.0000],
          [-1.0000, -0.9765, -0.9529,  ...,  0.4275,  0.2235, -1.0000],
          [-1.0000, -0.9608, -0.9608,  ..., -0.1686, -0.2627, -1.0000]]]],
       device='cuda:0')","tensor([[[1, 1, 1,  ..., 1, 1, 1],
         [1, 1, 1,  ..., 1, 1, 1],
         [1, 1, 1,  ..., 1, 1, 1],
         ...,
         [1, 1, 1,  ..., 1, 1, 1],
         [1, 1, 1,  ..., 1, 1, 1],
         [1, 1, 1,  ..., 1, 1, 1]]], device='cuda:0')"
"tensor([[  101,  1045,  2123,  1005,  1056,  2467,  2031,  1037,  3684,  6909,
          1998,  2131, 10097, 16313,  2063,  1999,  1996,  2168,  2733,  2021,
          2043,  1045,  2079,  1045,  2113,  1045,  1005,  1049,  1999,  5612,
           102]], device='cuda:0')","tensor([[0, 0, 0, 0, 0, 0, 0, 0, 0, 0, 0, 0, 0, 0, 0, 0, 0, 0, 0, 0, 0, 0, 0, 0,
         0, 0, 0, 0, 0, 0, 0]], device='cuda:0')","tensor([[1, 1, 1, 1, 1, 1, 1, 1, 1, 1, 1, 1, 1, 1, 1, 1, 1, 1, 1, 1, 1, 1, 1, 1,
         1, 1, 1, 1, 1, 1, 1]], device='cuda:0')","tensor([[[[-0.9765, -0.9529, -0.9529,  ..., -0.8353, -0.8353, -0.8353],
          [-0.8980, -0.8039, -0.8196,  ..., -0.4980, -0.4980, -0.4980],
          [-0.8667, -0.7333, -0.7490,  ..., -0.5137, -0.5137, -0.5137],
          ...,
          [-0.8588, -0.7412, -0.7412,  ..., -0.9059, -0.8980, -0.9059],
          [-0.8196, -0.6706, -0.7412,  ..., -0.8980, -0.8980, -0.9059],
          [-0.9373, -0.8745, -0.9059,  ..., -0.9686, -0.9686, -0.9686]],

         [[-0.9843, -0.9608, -0.9686,  ..., -0.8902, -0.8824, -0.8824],
          [-0.9294, -0.8588, -0.8745,  ..., -0.6549, -0.6471, -0.6471],
          [-0.8980, -0.8118, -0.8275,  ..., -0.6627, -0.6549, -0.6549],
          ...,
          [-0.8980, -0.7961, -0.7961,  ..., -0.9059, -0.8980, -0.9059],
          [-0.8824, -0.7725, -0.7882,  ..., -0.8980, -0.8980, -0.9059],
          [-0.9608, -0.9216, -0.9294,  ..., -0.9686, -0.9686, -0.9686]],

         [[-0.9922, -0.9765, -0.9765,  ..., -0.9059, -0.9059, -0.9059],
          [-0.9451, -0.8902, -0.9059,  ..., -0.7176, -0.7098, -0.7098],
          [-0.9137, -0.8431, -0.8588,  ..., -0.7333, -0.7255, -0.7255],
          ...,
          [-0.9059, -0.8039, -0.7961,  ..., -0.8980, -0.8824, -0.8902],
          [-0.8980, -0.7882, -0.8039,  ..., -0.8824, -0.8824, -0.8902],
          [-0.9686, -0.9373, -0.9373,  ..., -0.9608, -0.9686, -0.9686]]]],
       device='cuda:0')","tensor([[[1, 1, 1,  ..., 1, 1, 1],
         [1, 1, 1,  ..., 1, 1, 1],
         [1, 1, 1,  ..., 1, 1, 1],
         ...,
         [1, 1, 1,  ..., 1, 1, 1],
         [1, 1, 1,  ..., 1, 1, 1],
         [1, 1, 1,  ..., 1, 1, 1]]], device='cuda:0')"
"tensor([[  101,  2987,  1005,  1056,  4929, 17214, 26029,  2015,  2138,  2016,
          9109,  2058,  1996,  5164,   102]], device='cuda:0')","tensor([[0, 0, 0, 0, 0, 0, 0, 0, 0, 0, 0, 0, 0, 0, 0]], device='cuda:0')","tensor([[1, 1, 1, 1, 1, 1, 1, 1, 1, 1, 1, 1, 1, 1, 1]], device='cuda:0')","tensor([[[[ 0.0275,  0.4275,  0.3961,  ...,  0.3961,  0.4275,  0.0353],
          [ 0.4196,  0.9686,  0.9294,  ...,  0.9373,  0.9765,  0.4353],
          [ 0.3961,  0.9294,  0.8980,  ...,  0.8980,  0.9373,  0.4039],
          ...,
          [ 0.3882,  0.9294,  0.8902,  ...,  0.8667,  0.9059,  0.3804],
          [ 0.4196,  0.9686,  0.9216,  ...,  0.9059,  0.9451,  0.4039],
          [ 0.0353,  0.4275,  0.3961,  ...,  0.3804,  0.4118,  0.0196]],

         [[-0.2863,  0.0039, -0.0275,  ..., -0.0275,  0.0039, -0.2706],
          [-0.0039,  0.3804,  0.3569,  ...,  0.3569,  0.3804,  0.0118],
          [-0.0196,  0.3569,  0.3333,  ...,  0.3333,  0.3569, -0.0196],
          ...,
          [ 0.0353,  0.4353,  0.4039,  ...,  0.3098,  0.3412, -0.0275],
          [ 0.0588,  0.4667,  0.4353,  ...,  0.3333,  0.3569, -0.0118],
          [-0.2314,  0.0588,  0.0431,  ..., -0.0275, -0.0118, -0.2784]],

         [[-0.1686,  0.1529,  0.1294,  ...,  0.0745,  0.0902, -0.2157],
          [ 0.1529,  0.5922,  0.5608,  ...,  0.4902,  0.5137,  0.0902],
          [ 0.1294,  0.5608,  0.5294,  ...,  0.4510,  0.4745,  0.0667],
          ...,
          [ 0.1529,  0.6000,  0.5686,  ...,  0.4588,  0.4902,  0.0824],
          [ 0.1765,  0.6314,  0.6000,  ...,  0.4902,  0.5216,  0.1059],
          [-0.1373,  0.1922,  0.1686,  ...,  0.0824,  0.1059, -0.2000]]]],
       device='cuda:0')","tensor([[[1, 1, 1,  ..., 1, 1, 1],
         [1, 1, 1,  ..., 1, 1, 1],
         [1, 1, 1,  ..., 1, 1, 1],
         ...,
         [1, 1, 1,  ..., 1, 1, 1],
         [1, 1, 1,  ..., 1, 1, 1],
         [1, 1, 1,  ..., 1, 1, 1]]], device='cuda:0')"
"tensor([[  101,  2043,  2017,  2064,  1005,  1056,  5630,  2000,  3653,  3684,
          1996, 17428,  2030,  2074,  5466,  1996,  7954,  1999,  2157,  2185,
           102]], device='cuda:0')","tensor([[0, 0, 0, 0, 0, 0, 0, 0, 0, 0, 0, 0, 0, 0, 0, 0, 0, 0, 0, 0, 0]],
       device='cuda:0')","tensor([[1, 1, 1, 1, 1, 1, 1, 1, 1, 1, 1, 1, 1, 1, 1, 1, 1, 1, 1, 1, 1]],
       device='cuda:0')","tensor([[[[-0.3176, -0.0431, -0.0510,  ..., -0.2078, -0.2000, -0.4353],
          [-0.1059,  0.2706,  0.2627,  ...,  0.0431,  0.0588, -0.2549],
          [-0.1137,  0.2627,  0.2471,  ...,  0.0353,  0.0431, -0.2549],
          ...,
          [-0.0745,  0.3098,  0.2863,  ..., -0.8118, -0.8196, -0.8667],
          [-0.0745,  0.3020,  0.2863,  ..., -0.8118, -0.8196, -0.8745],
          [-0.1137,  0.2627,  0.2471,  ..., -0.8275, -0.8275, -0.8745]],

         [[-0.3490, -0.0745, -0.0824,  ..., -0.2627, -0.2549, -0.4667],
          [-0.1294,  0.2314,  0.2235,  ..., -0.0196, -0.0039, -0.3020],
          [-0.1451,  0.2157,  0.2078,  ..., -0.0275, -0.0196, -0.3098],
          ...,
          [-0.0902,  0.2863,  0.2706,  ..., -0.8196, -0.8275, -0.8745],
          [-0.0902,  0.2863,  0.2706,  ..., -0.8196, -0.8275, -0.8745],
          [-0.1216,  0.2392,  0.2314,  ..., -0.8353, -0.8353, -0.8824]],

         [[-0.4353, -0.2000, -0.2078,  ..., -0.3647, -0.3569, -0.5451],
          [-0.2471,  0.0667,  0.0510,  ..., -0.1608, -0.1529, -0.3961],
          [-0.2549,  0.0588,  0.0431,  ..., -0.1686, -0.1529, -0.4039],
          ...,
          [-0.1608,  0.1843,  0.1686,  ..., -0.8510, -0.8431, -0.8980],
          [-0.1608,  0.1843,  0.1686,  ..., -0.8510, -0.8510, -0.8980],
          [-0.1843,  0.1451,  0.1373,  ..., -0.8588, -0.8588, -0.9059]]]],
       device='cuda:0')","tensor([[[1, 1, 1,  ..., 1, 1, 1],
         [1, 1, 1,  ..., 1, 1, 1],
         [1, 1, 1,  ..., 1, 1, 1],
         ...,
         [1, 1, 1,  ..., 1, 1, 1],
         [1, 1, 1,  ..., 1, 1, 1],
         [1, 1, 1,  ..., 1, 1, 1]]], device='cuda:0')"
"tensor([[ 101, 3407, 2915, 1999, 1996, 2227, 2154, 1019, 1011, 1016, 1011, 2249,
          102]], device='cuda:0')","tensor([[0, 0, 0, 0, 0, 0, 0, 0, 0, 0, 0, 0, 0]], device='cuda:0')","tensor([[1, 1, 1, 1, 1, 1, 1, 1, 1, 1, 1, 1, 1]], device='cuda:0')","tensor([[[[ 0.3725,  0.3333,  0.3804,  ...,  0.6000,  0.5843,  0.5922],
          [ 0.3490,  0.3569,  0.3569,  ...,  0.6235,  0.6078,  0.6235],
          [ 0.3490,  0.3412,  0.3490,  ...,  0.6157,  0.6078,  0.5922],
          ...,
          [ 0.3804,  0.4275,  0.4824,  ..., -0.6157, -0.6078, -0.6000],
          [ 0.3647,  0.4039,  0.4667,  ..., -0.6000, -0.6000, -0.5922],
          [ 0.3647,  0.3412,  0.4275,  ..., -0.5686, -0.6157, -0.6000]],

         [[ 0.1765,  0.1686,  0.2000,  ...,  0.3961,  0.4118,  0.4196],
          [ 0.1843,  0.2000,  0.1843,  ...,  0.4353,  0.4118,  0.4275],
          [ 0.1608,  0.1922,  0.1686,  ...,  0.4353,  0.4039,  0.4039],
          ...,
          [ 0.3333,  0.4039,  0.4588,  ..., -0.6941, -0.7098, -0.7098],
          [ 0.3020,  0.3882,  0.4431,  ..., -0.6941, -0.7020, -0.6941],
          [ 0.3020,  0.3255,  0.3882,  ..., -0.7020, -0.7176, -0.7020]],

         [[-0.2706, -0.3098, -0.2627,  ..., -0.1608, -0.1529, -0.1529],
          [-0.2863, -0.2784, -0.2392,  ..., -0.1059, -0.1529, -0.1765],
          [-0.2941, -0.2627, -0.2235,  ..., -0.1529, -0.1843, -0.2000],
          ...,
          [ 0.0902,  0.1373,  0.2314,  ..., -0.8118, -0.8431, -0.8118],
          [ 0.0824,  0.0902,  0.1529,  ..., -0.8118, -0.8275, -0.8118],
          [ 0.0824,  0.0824,  0.1294,  ..., -0.7961, -0.8353, -0.8196]]]],
       device='cuda:0')","tensor([[[1, 1, 1,  ..., 1, 1, 1],
         [1, 1, 1,  ..., 1, 1, 1],
         [1, 1, 1,  ..., 1, 1, 1],
         ...,
         [1, 1, 1,  ..., 1, 1, 1],
         [1, 1, 1,  ..., 1, 1, 1],
         [1, 1, 1,  ..., 1, 1, 1]]], device='cuda:0')"
"tensor([[ 101, 1015, 5968, 2296, 3371,  102]], device='cuda:0')","tensor([[0, 0, 0, 0, 0, 0]], device='cuda:0')","tensor([[1, 1, 1, 1, 1, 1]], device='cuda:0')","tensor([[[[-1.0000, -1.0000, -1.0000,  ..., -1.0000, -1.0000, -1.0000],
          [-1.0000, -1.0000, -1.0000,  ..., -1.0000, -1.0000, -1.0000],
          [-1.0000, -1.0000, -1.0000,  ..., -1.0000, -1.0000, -1.0000],
          ...,
          [-1.0000, -1.0000, -1.0000,  ..., -0.9373, -0.9686, -1.0000],
          [-1.0000, -1.0000, -1.0000,  ..., -0.9373, -0.9608, -1.0000],
          [-1.0000, -1.0000, -1.0000,  ..., -0.9608, -0.9765, -1.0000]],

         [[-1.0000, -0.9451, -0.9373,  ..., -0.9294, -0.9373, -1.0000],
          [-1.0000, -0.8196, -0.7804,  ..., -0.7569, -0.7961, -1.0000],
          [-1.0000, -0.8118, -0.7725,  ..., -0.7412, -0.7804, -1.0000],
          ...,
          [-1.0000, -0.8039, -0.7725,  ..., -0.6706, -0.7333, -1.0000],
          [-1.0000, -0.8039, -0.7804,  ..., -0.6784, -0.7412, -1.0000],
          [-1.0000, -0.8902, -0.8745,  ..., -0.8118, -0.8431, -1.0000]],

         [[-1.0000, -0.9294, -0.9216,  ..., -0.9059, -0.9216, -1.0000],
          [-1.0000, -0.7647, -0.7255,  ..., -0.6863, -0.7412, -1.0000],
          [-1.0000, -0.7569, -0.7176,  ..., -0.6784, -0.7333, -1.0000],
          ...,
          [-1.0000, -0.7647, -0.7098,  ..., -0.6000, -0.6706, -1.0000],
          [-1.0000, -0.7725, -0.7176,  ..., -0.6078, -0.6784, -1.0000],
          [-1.0000, -0.8667, -0.8353,  ..., -0.7725, -0.8118, -1.0000]]]],
       device='cuda:0')","tensor([[[1, 1, 1,  ..., 1, 1, 1],
         [1, 1, 1,  ..., 1, 1, 1],
         [1, 1, 1,  ..., 1, 1, 1],
         ...,
         [1, 1, 1,  ..., 1, 1, 1],
         [1, 1, 1,  ..., 1, 1, 1],
         [1, 1, 1,  ..., 1, 1, 1]]], device='cuda:0')"
"tensor([[ 101, 2304, 2373, 3310, 2007, 1037, 2843, 1997, 5368,  102]],
       device='cuda:0')","tensor([[0, 0, 0, 0, 0, 0, 0, 0, 0, 0]], device='cuda:0')","tensor([[1, 1, 1, 1, 1, 1, 1, 1, 1, 1]], device='cuda:0')","tensor([[[[-0.8902, -0.8431, -0.8510,  ..., -0.8353, -0.8353, -0.8510],
          [-0.7961, -0.6941, -0.7098,  ..., -0.6863, -0.6863, -0.7176],
          [-0.7961, -0.7020, -0.7098,  ..., -0.6784, -0.6863, -0.7176],
          ...,
          [-0.8118, -0.7176, -0.7176,  ..., -0.6392, -0.6314, -0.5059],
          [-0.8118, -0.7176, -0.7255,  ..., -0.6471, -0.6627, -0.6863],
          [-0.9059, -0.8588, -0.8588,  ..., -0.8196, -0.8275, -0.8510]],

         [[-0.8902, -0.8431, -0.8588,  ..., -0.8431, -0.8353, -0.8510],
          [-0.7961, -0.7020, -0.7176,  ..., -0.7020, -0.6941, -0.7255],
          [-0.8039, -0.7098, -0.7176,  ..., -0.6941, -0.6941, -0.7255],
          ...,
          [-0.8196, -0.7255, -0.7333,  ..., -0.6392, -0.6314, -0.5059],
          [-0.8196, -0.7255, -0.7333,  ..., -0.6471, -0.6627, -0.6941],
          [-0.9059, -0.8588, -0.8588,  ..., -0.8196, -0.8275, -0.8510]],

         [[-0.9059, -0.8588, -0.8588,  ..., -0.8431, -0.8431, -0.8588],
          [-0.8196, -0.7255, -0.7255,  ..., -0.7098, -0.7098, -0.7412],
          [-0.8196, -0.7255, -0.7255,  ..., -0.7098, -0.7176, -0.7333],
          ...,
          [-0.8353, -0.7647, -0.7647,  ..., -0.6235, -0.6157, -0.4902],
          [-0.8275, -0.7569, -0.7569,  ..., -0.6392, -0.6471, -0.6706],
          [-0.9137, -0.8745, -0.8745,  ..., -0.8118, -0.8275, -0.8431]]]],
       device='cuda:0')","tensor([[[1, 1, 1,  ..., 1, 1, 1],
         [1, 1, 1,  ..., 1, 1, 1],
         [1, 1, 1,  ..., 1, 1, 1],
         ...,
         [1, 1, 1,  ..., 1, 1, 1],
         [1, 1, 1,  ..., 1, 1, 1],
         [1, 1, 1,  ..., 1, 1, 1]]], device='cuda:0')"
"tensor([[ 101, 2008, 9610, 7520, 2003, 2061, 2304, 2053, 2028, 2003, 2183, 2000,
         4521, 2009,  102]], device='cuda:0')","tensor([[0, 0, 0, 0, 0, 0, 0, 0, 0, 0, 0, 0, 0, 0, 0]], device='cuda:0')","tensor([[1, 1, 1, 1, 1, 1, 1, 1, 1, 1, 1, 1, 1, 1, 1]], device='cuda:0')","tensor([[[[-0.9843, -0.9765, -0.9765,  ..., -0.9686, -0.9686, -0.9765],
          [-0.9765, -0.9686, -0.9686,  ..., -0.9529, -0.9529, -0.9686],
          [-0.9765, -0.9686, -0.9686,  ..., -0.9529, -0.9529, -0.9686],
          ...,
          [-0.9765, -0.9686, -0.9686,  ..., -0.9451, -0.9451, -0.9686],
          [-0.9765, -0.9686, -0.9686,  ..., -0.9529, -0.9529, -0.9608],
          [-0.9843, -0.9765, -0.9765,  ..., -0.9608, -0.9529, -0.9529]],

         [[-0.9843, -0.9765, -0.9765,  ..., -0.9765, -0.9765, -0.9843],
          [-0.9765, -0.9686, -0.9686,  ..., -0.9686, -0.9686, -0.9765],
          [-0.9765, -0.9686, -0.9686,  ..., -0.9686, -0.9686, -0.9765],
          ...,
          [-0.9765, -0.9686, -0.9686,  ..., -0.9686, -0.9686, -0.9765],
          [-0.9765, -0.9686, -0.9686,  ..., -0.9686, -0.9686, -0.9765],
          [-0.9843, -0.9765, -0.9765,  ..., -0.9765, -0.9765, -0.9843]],

         [[-0.9843, -0.9765, -0.9765,  ..., -0.9686, -0.9686, -0.9765],
          [-0.9765, -0.9686, -0.9686,  ..., -0.9608, -0.9608, -0.9686],
          [-0.9765, -0.9686, -0.9686,  ..., -0.9608, -0.9608, -0.9686],
          ...,
          [-0.9765, -0.9686, -0.9686,  ..., -0.9608, -0.9608, -0.9686],
          [-0.9765, -0.9686, -0.9686,  ..., -0.9686, -0.9686, -0.9765],
          [-0.9843, -0.9765, -0.9765,  ..., -0.9686, -0.9686, -0.9686]]]],
       device='cuda:0')","tensor([[[1, 1, 1,  ..., 1, 1, 1],
         [1, 1, 1,  ..., 1, 1, 1],
         [1, 1, 1,  ..., 1, 1, 1],
         ...,
         [1, 1, 1,  ..., 1, 1, 1],
         [1, 1, 1,  ..., 1, 1, 1],
         [1, 1, 1,  ..., 1, 1, 1]]], device='cuda:0')"
"tensor([[ 101, 1045, 3246, 2119, 2780, 4558,  102]], device='cuda:0')","tensor([[0, 0, 0, 0, 0, 0, 0]], device='cuda:0')","tensor([[1, 1, 1, 1, 1, 1, 1]], device='cuda:0')","tensor([[[[-0.1765,  0.1608,  0.1373,  ...,  0.2000,  0.2157, -0.1373],
          [ 0.0902,  0.5294,  0.4980,  ...,  0.5686,  0.5843,  0.1373],
          [ 0.0745,  0.5059,  0.4824,  ...,  0.5529,  0.5765,  0.1216],
          ...,
          [-0.0275,  0.3725,  0.3490,  ..., -0.2471, -0.2392, -0.4667],
          [-0.0353,  0.3647,  0.3412,  ..., -0.2471, -0.2392, -0.4667],
          [-0.0353,  0.3647,  0.3333,  ..., -0.2863, -0.2784, -0.4745]],

         [[-0.1843,  0.1529,  0.1294,  ...,  0.1843,  0.2000, -0.1451],
          [ 0.0745,  0.5059,  0.4824,  ...,  0.5529,  0.5765,  0.1294],
          [ 0.0588,  0.4902,  0.4667,  ...,  0.5373,  0.5608,  0.1137],
          ...,
          [-0.0431,  0.3569,  0.3333,  ..., -0.9529, -0.9529, -0.9686],
          [-0.0431,  0.3569,  0.3333,  ..., -0.9529, -0.9529, -0.9686],
          [-0.0431,  0.3569,  0.3333,  ..., -0.9529, -0.9529, -0.9686]],

         [[-0.2157,  0.1059,  0.0902,  ...,  0.1529,  0.1765, -0.1608],
          [ 0.0431,  0.4588,  0.4353,  ...,  0.5059,  0.5373,  0.0980],
          [ 0.0275,  0.4510,  0.4275,  ...,  0.4902,  0.5059,  0.0745],
          ...,
          [-0.0588,  0.3255,  0.3020,  ..., -0.9451, -0.9451, -0.9608],
          [-0.0667,  0.3255,  0.3020,  ..., -0.9451, -0.9529, -0.9686],
          [-0.0667,  0.3255,  0.3020,  ..., -0.9451, -0.9529, -0.9608]]]],
       device='cuda:0')","tensor([[[1, 1, 1,  ..., 1, 1, 1],
         [1, 1, 1,  ..., 1, 1, 1],
         [1, 1, 1,  ..., 1, 1, 1],
         ...,
         [1, 1, 1,  ..., 1, 1, 1],
         [1, 1, 1,  ..., 1, 1, 1],
         [1, 1, 1,  ..., 1, 1, 1]]], device='cuda:0')"
"tensor([[  101,  2360,  1996,  4365, 26028,   102]], device='cuda:0')","tensor([[0, 0, 0, 0, 0, 0]], device='cuda:0')","tensor([[1, 1, 1, 1, 1, 1]], device='cuda:0')","tensor([[[[-0.5686, -0.3882, -0.3647,  ..., -0.6157, -0.6078, -0.7098],
          [-0.6471, -0.5059, -0.4745,  ..., -0.5137, -0.5059, -0.6314],
          [-0.7882, -0.7098, -0.7255,  ..., -0.5529, -0.5373, -0.6471],
          ...,
          [-0.8196, -0.7647, -0.7804,  ..., -0.5216, -0.5059, -0.6314],
          [-0.8196, -0.7647, -0.7804,  ..., -0.5216, -0.5137, -0.6314],
          [-0.8353, -0.7882, -0.7961,  ..., -0.5451, -0.5451, -0.6627]],

         [[-0.5686, -0.3882, -0.3647,  ..., -0.6157, -0.6078, -0.7098],
          [-0.6471, -0.5059, -0.4745,  ..., -0.5137, -0.5059, -0.6314],
          [-0.7882, -0.7098, -0.7255,  ..., -0.5529, -0.5373, -0.6471],
          ...,
          [-0.8196, -0.7647, -0.7804,  ..., -0.5216, -0.5059, -0.6314],
          [-0.8196, -0.7647, -0.7804,  ..., -0.5216, -0.5137, -0.6314],
          [-0.8353, -0.7882, -0.7961,  ..., -0.5451, -0.5451, -0.6627]],

         [[-0.5686, -0.3882, -0.3647,  ..., -0.6157, -0.6078, -0.7098],
          [-0.6471, -0.5059, -0.4745,  ..., -0.5137, -0.5059, -0.6314],
          [-0.7882, -0.7098, -0.7255,  ..., -0.5529, -0.5373, -0.6471],
          ...,
          [-0.8196, -0.7647, -0.7804,  ..., -0.5216, -0.5059, -0.6314],
          [-0.8196, -0.7647, -0.7804,  ..., -0.5216, -0.5137, -0.6314],
          [-0.8353, -0.7882, -0.7961,  ..., -0.5451, -0.5451, -0.6627]]]],
       device='cuda:0')","tensor([[[1, 1, 1,  ..., 1, 1, 1],
         [1, 1, 1,  ..., 1, 1, 1],
         [1, 1, 1,  ..., 1, 1, 1],
         ...,
         [1, 1, 1,  ..., 1, 1, 1],
         [1, 1, 1,  ..., 1, 1, 1],
         [1, 1, 1,  ..., 1, 1, 1]]], device='cuda:0')"
"tensor([[  101, 17249,   102]], device='cuda:0')","tensor([[0, 0, 0]], device='cuda:0')","tensor([[1, 1, 1]], device='cuda:0')","tensor([[[[0.0196, 0.1765, 0.3412,  ..., 0.3176, 0.3176, 0.3176],
          [0.3176, 0.5216, 0.7020,  ..., 0.6941, 0.6941, 0.6941],
          [0.5922, 0.8431, 1.0000,  ..., 1.0000, 1.0000, 1.0000],
          ...,
          [0.5922, 0.8431, 1.0000,  ..., 1.0000, 1.0000, 1.0000],
          [0.3176, 0.5216, 0.7020,  ..., 0.6941, 0.6941, 0.6941],
          [0.0196, 0.1765, 0.3412,  ..., 0.3176, 0.3176, 0.3176]],

         [[0.0196, 0.1765, 0.3412,  ..., 0.3176, 0.3176, 0.3176],
          [0.3176, 0.5216, 0.7020,  ..., 0.6941, 0.6941, 0.6941],
          [0.5922, 0.8431, 1.0000,  ..., 1.0000, 1.0000, 1.0000],
          ...,
          [0.5922, 0.8431, 1.0000,  ..., 1.0000, 1.0000, 1.0000],
          [0.3176, 0.5216, 0.7020,  ..., 0.6941, 0.6941, 0.6941],
          [0.0196, 0.1765, 0.3412,  ..., 0.3176, 0.3176, 0.3176]],

         [[0.0196, 0.1765, 0.3412,  ..., 0.3176, 0.3176, 0.3176],
          [0.3176, 0.5216, 0.7020,  ..., 0.6941, 0.6941, 0.6941],
          [0.5922, 0.8431, 1.0000,  ..., 1.0000, 1.0000, 1.0000],
          ...,
          [0.5922, 0.8431, 1.0000,  ..., 1.0000, 1.0000, 1.0000],
          [0.3176, 0.5216, 0.7020,  ..., 0.6941, 0.6941, 0.6941],
          [0.0196, 0.1765, 0.3412,  ..., 0.3176, 0.3176, 0.3176]]]],
       device='cuda:0')","tensor([[[1, 1, 1,  ..., 1, 1, 1],
         [1, 1, 1,  ..., 1, 1, 1],
         [1, 1, 1,  ..., 1, 1, 1],
         ...,
         [1, 1, 1,  ..., 1, 1, 1],
         [1, 1, 1,  ..., 1, 1, 1],
         [1, 1, 1,  ..., 1, 1, 1]]], device='cuda:0')"
"tensor([[  101,  2057,  2342,  3291,  9611,  2869,  2025, 16939,  1998,  3412,
          2502, 12868,  1999,  2436,   102]], device='cuda:0')","tensor([[0, 0, 0, 0, 0, 0, 0, 0, 0, 0, 0, 0, 0, 0, 0]], device='cuda:0')","tensor([[1, 1, 1, 1, 1, 1, 1, 1, 1, 1, 1, 1, 1, 1, 1]], device='cuda:0')","tensor([[[[-0.7490, -0.6392, -0.6392,  ..., -1.0000, -1.0000, -1.0000],
          [-0.6784, -0.5373, -0.5373,  ..., -0.9922, -0.9922, -1.0000],
          [-0.6863, -0.5529, -0.5529,  ..., -0.9922, -0.9922, -1.0000],
          ...,
          [-0.6471, -0.5059, -0.5216,  ..., -0.7098, -0.7098, -0.7961],
          [-0.6549, -0.5137, -0.5216,  ..., -0.7176, -0.7176, -0.8039],
          [-0.6706, -0.5373, -0.5451,  ..., -0.7333, -0.7333, -0.8196]],

         [[-0.8745, -0.8196, -0.8118,  ..., -0.9922, -0.9922, -1.0000],
          [-0.8431, -0.7804, -0.7725,  ..., -0.9843, -0.9843, -0.9922],
          [-0.8667, -0.8118, -0.8039,  ..., -0.9843, -0.9843, -0.9922],
          ...,
          [-0.5843, -0.4118, -0.4275,  ..., -0.6706, -0.6627, -0.7647],
          [-0.5922, -0.4118, -0.4275,  ..., -0.6706, -0.6627, -0.7647],
          [-0.6000, -0.4431, -0.4510,  ..., -0.6863, -0.6863, -0.7804]],

         [[-0.8510, -0.7961, -0.7882,  ..., -0.9765, -0.9765, -0.9843],
          [-0.8118, -0.7333, -0.7333,  ..., -0.9686, -0.9686, -0.9765],
          [-0.8353, -0.7647, -0.7569,  ..., -0.9686, -0.9686, -0.9765],
          ...,
          [-0.5059, -0.3020, -0.3176,  ..., -0.6627, -0.6627, -0.7647],
          [-0.5137, -0.3020, -0.3176,  ..., -0.6627, -0.6627, -0.7647],
          [-0.5294, -0.3412, -0.3490,  ..., -0.6784, -0.6784, -0.7725]]]],
       device='cuda:0')","tensor([[[1, 1, 1,  ..., 1, 1, 1],
         [1, 1, 1,  ..., 1, 1, 1],
         [1, 1, 1,  ..., 1, 1, 1],
         ...,
         [1, 1, 1,  ..., 1, 1, 1],
         [1, 1, 1,  ..., 1, 1, 1],
         [1, 1, 1,  ..., 1, 1, 1]]], device='cuda:0')"
"tensor([[ 101, 2961, 2091,  102]], device='cuda:0')","tensor([[0, 0, 0, 0]], device='cuda:0')","tensor([[1, 1, 1, 1]], device='cuda:0')","tensor([[[[-0.0196,  0.3569,  0.3333,  ...,  0.3333,  0.3569, -0.0196],
          [ 0.3569,  0.8824,  0.8431,  ...,  0.8431,  0.8824,  0.3569],
          [ 0.3333,  0.8431,  0.8039,  ...,  0.8039,  0.8431,  0.3333],
          ...,
          [ 0.3333,  0.8431,  0.8039,  ...,  0.8039,  0.8431,  0.3333],
          [ 0.3569,  0.8824,  0.8431,  ...,  0.8431,  0.8824,  0.3569],
          [-0.0118,  0.3647,  0.3333,  ...,  0.3333,  0.3647, -0.0118]],

         [[-0.0196,  0.3647,  0.3333,  ...,  0.3333,  0.3647, -0.0118],
          [ 0.3569,  0.8902,  0.8510,  ...,  0.8510,  0.8902,  0.3647],
          [ 0.3333,  0.8510,  0.8118,  ...,  0.8118,  0.8510,  0.3412],
          ...,
          [ 0.3333,  0.8510,  0.8118,  ...,  0.8118,  0.8510,  0.3412],
          [ 0.3569,  0.8902,  0.8510,  ...,  0.8510,  0.8902,  0.3647],
          [-0.0118,  0.3725,  0.3412,  ...,  0.3412,  0.3725, -0.0118]],

         [[-0.0039,  0.3725,  0.3490,  ...,  0.3490,  0.3725,  0.0039],
          [ 0.3725,  0.9059,  0.8667,  ...,  0.8667,  0.9059,  0.3804],
          [ 0.3490,  0.8667,  0.8275,  ...,  0.8275,  0.8667,  0.3569],
          ...,
          [ 0.3490,  0.8667,  0.8275,  ...,  0.8275,  0.8667,  0.3569],
          [ 0.3725,  0.9059,  0.8667,  ...,  0.8667,  0.9059,  0.3804],
          [-0.0039,  0.3804,  0.3569,  ...,  0.3569,  0.3804,  0.0039]]]],
       device='cuda:0')","tensor([[[1, 1, 1,  ..., 1, 1, 1],
         [1, 1, 1,  ..., 1, 1, 1],
         [1, 1, 1,  ..., 1, 1, 1],
         ...,
         [1, 1, 1,  ..., 1, 1, 1],
         [1, 1, 1,  ..., 1, 1, 1],
         [1, 1, 1,  ..., 1, 1, 1]]], device='cuda:0')"
"tensor([[ 101, 2057, 2056, 2057, 2052, 2196, 5293, 2339, 2024, 2017, 6830, 2068,
         2046, 2256, 2231, 1029,  102]], device='cuda:0')","tensor([[0, 0, 0, 0, 0, 0, 0, 0, 0, 0, 0, 0, 0, 0, 0, 0, 0]], device='cuda:0')","tensor([[1, 1, 1, 1, 1, 1, 1, 1, 1, 1, 1, 1, 1, 1, 1, 1, 1]], device='cuda:0')","tensor([[[[0.0902, 0.4824, 0.4745,  ..., 0.4745, 0.4824, 0.0902],
          [0.5059, 1.0000, 1.0000,  ..., 1.0000, 1.0000, 0.5137],
          [0.4745, 1.0000, 1.0000,  ..., 1.0000, 1.0000, 0.4824],
          ...,
          [0.4745, 1.0000, 1.0000,  ..., 1.0000, 1.0000, 0.4824],
          [0.5059, 1.0000, 1.0000,  ..., 1.0000, 1.0000, 0.5137],
          [0.0902, 0.4902, 0.4824,  ..., 0.4824, 0.4902, 0.0980]],

         [[0.0902, 0.4824, 0.4745,  ..., 0.4745, 0.4824, 0.0902],
          [0.5059, 1.0000, 1.0000,  ..., 1.0000, 1.0000, 0.5137],
          [0.4745, 1.0000, 1.0000,  ..., 1.0000, 1.0000, 0.4824],
          ...,
          [0.4745, 1.0000, 1.0000,  ..., 1.0000, 1.0000, 0.4824],
          [0.5059, 1.0000, 1.0000,  ..., 1.0000, 1.0000, 0.5137],
          [0.0902, 0.4902, 0.4824,  ..., 0.4824, 0.4902, 0.0980]],

         [[0.0902, 0.4824, 0.4745,  ..., 0.4745, 0.4824, 0.0902],
          [0.5059, 1.0000, 1.0000,  ..., 1.0000, 1.0000, 0.5137],
          [0.4745, 1.0000, 1.0000,  ..., 1.0000, 1.0000, 0.4824],
          ...,
          [0.4745, 1.0000, 1.0000,  ..., 1.0000, 1.0000, 0.4824],
          [0.5059, 1.0000, 1.0000,  ..., 1.0000, 1.0000, 0.5137],
          [0.0902, 0.4902, 0.4824,  ..., 0.4824, 0.4902, 0.0980]]]],
       device='cuda:0')","tensor([[[1, 1, 1,  ..., 1, 1, 1],
         [1, 1, 1,  ..., 1, 1, 1],
         [1, 1, 1,  ..., 1, 1, 1],
         ...,
         [1, 1, 1,  ..., 1, 1, 1],
         [1, 1, 1,  ..., 1, 1, 1],
         [1, 1, 1,  ..., 1, 1, 1]]], device='cuda:0')"
"tensor([[  101,  2043,  1037, 22555,  2678,  2838,  1037, 25283,  4890,  2021,
          2059,  1005,  2016,  1005,  4332,  2041,  2000,  2022,  1037,  3054,
         18150,  2205,  2017,  2018,  2026, 10628,  2021,  2085,  2017,  2031,
          2026,  3086,   102]], device='cuda:0')","tensor([[0, 0, 0, 0, 0, 0, 0, 0, 0, 0, 0, 0, 0, 0, 0, 0, 0, 0, 0, 0, 0, 0, 0, 0,
         0, 0, 0, 0, 0, 0, 0, 0, 0]], device='cuda:0')","tensor([[1, 1, 1, 1, 1, 1, 1, 1, 1, 1, 1, 1, 1, 1, 1, 1, 1, 1, 1, 1, 1, 1, 1, 1,
         1, 1, 1, 1, 1, 1, 1, 1, 1]], device='cuda:0')","tensor([[[[-0.9451, -0.8745, -0.8824,  ..., -0.9922, -0.9922, -0.9922],
          [-0.7882, -0.4824, -0.5059,  ..., -0.9765, -0.9765, -0.9765],
          [-0.7725, -0.4275, -0.4510,  ..., -0.9765, -0.9765, -0.9765],
          ...,
          [-0.5608,  0.0431,  0.0353,  ..., -0.8824, -0.8980, -0.8824],
          [-0.6627, -0.1765, -0.0667,  ..., -0.8745, -0.9137, -0.9216],
          [-0.9373, -0.8275, -0.7804,  ..., -0.9686, -0.9843, -0.9922]],

         [[-0.9608, -0.8980, -0.9059,  ..., -1.0000, -1.0000, -0.9922],
          [-0.8275, -0.5843, -0.5922,  ..., -0.9843, -0.9843, -0.9843],
          [-0.8118, -0.5373, -0.5529,  ..., -0.9765, -0.9765, -0.9843],
          ...,
          [-0.8353, -0.5765, -0.5529,  ..., -0.6784, -0.6706, -0.6784],
          [-0.8745, -0.6784, -0.5216,  ..., -0.7020, -0.7020, -0.7020],
          [-0.9765, -0.9373, -0.8745,  ..., -0.9294, -0.9294, -0.9294]],

         [[-0.9451, -0.8667, -0.8667,  ..., -0.9922, -0.9922, -0.9922],
          [-0.7725, -0.4431, -0.4667,  ..., -0.9765, -0.9765, -0.9765],
          [-0.7490, -0.3961, -0.4275,  ..., -0.9765, -0.9765, -0.9765],
          ...,
          [-0.9843, -0.9608, -0.9373,  ..., -0.6157, -0.6078, -0.6157],
          [-0.9843, -0.9529, -0.8510,  ..., -0.6392, -0.6392, -0.6471],
          [-1.0000, -0.9843, -0.9529,  ..., -0.9137, -0.9137, -0.9137]]]],
       device='cuda:0')","tensor([[[1, 1, 1,  ..., 1, 1, 1],
         [1, 1, 1,  ..., 1, 1, 1],
         [1, 1, 1,  ..., 1, 1, 1],
         ...,
         [1, 1, 1,  ..., 1, 1, 1],
         [1, 1, 1,  ..., 1, 1, 1],
         [1, 1, 1,  ..., 1, 1, 1]]], device='cuda:0')"
